title	calendar	allday	start	end
Köprüden Önce Son Çıkış	archive	false	2024-09-20 19:30	2024-09-20 21:30
orofil america	archive	true	2024-09-12 00:00	2024-09-24 23:59
metehan toplantı	archive	false	2024-09-25 08:00	2024-09-25 09:00
mb daily	archive	false	2024-09-12 20:00	2024-09-12 20:30
mb daily	archive	false	2024-09-15 20:00	2024-09-15 20:30
mb daily	archive	false	2024-09-17 20:00	2024-09-17 20:30
mb daily	archive	false	2024-09-19 20:00	2024-09-19 20:30
mb daily	archive	false	2024-09-22 20:00	2024-09-22 20:30
Matebucket | Sprint Meeting	archive	false	2024-09-24 20:00	2024-09-24 20:30
Matebucket | Sprint Meeting	archive	false	2024-09-26 20:00	2024-09-26 20:30
Matebucket | Sprint Meeting	archive	false	2024-09-29 20:00	2024-09-29 20:30
Matebucket | Sprint Meeting	archive	false	2024-10-01 20:00	2024-10-01 20:30
barancan	archive	false	2024-10-03 15:00	2024-10-03 16:00
Matebucket | Sprint Meeting	archive	false	2024-10-03 20:00	2024-10-03 20:30
frei dorm zoom	archive	false	2024-10-04 07:00	2024-10-04 08:00
General Introduction for all new master students	archive	false	2024-10-08 14:00	2024-10-08 16:00
[Tumokul] ''Lisans Döneminde Araştırmaya Nasıl Dahil Olabilirsiniz: Gelecek, Fırsatlar ve Adımlar'' Programı	archive	false	2024-10-16 19:00	2024-10-16 20:00
Mensa visit	archive	false	2024-10-19 10:00	2024-10-19 18:00
ayda meet	archive	false	2024-10-23 12:00	2024-10-23 15:00
ayda postponed meet	archive	false	2024-10-23 17:00	2024-10-23 19:00
duru dis	archive	false	2024-10-25 14:30	2024-10-25 15:00
Stadt Freiburg im Breisgau	archive	false	2024-10-28 14:15	2024-10-28 14:30
ml	archive	false	2024-11-04 10:00	2024-11-04 12:00
fdl	archive	false	2024-11-05 10:00	2024-11-05 12:00
pst	archive	false	2024-11-05 12:00	2024-11-05 14:00
fp	archive	false	2024-11-05 14:00	2024-11-05 16:00
gisela ohl meeting	archive	false	2024-11-06 11:00	2024-11-06 11:30
dbis	archive	false	2024-11-06 14:00	2024-11-06 16:00
ml	archive	false	2024-11-11 10:00	2024-11-11 12:00
fdl	archive	false	2024-11-12 10:00	2024-11-12 12:00
pst	archive	false	2024-11-12 12:00	2024-11-12 14:00
fp	archive	false	2024-11-12 14:00	2024-11-12 16:00
dbis	archive	false	2024-11-13 14:00	2024-11-13 16:00
Beyond Renewables – Technology and the Race to Net Zero	archive	false	2024-11-14 18:15	2024-11-14 20:00
change phone number to fraenk	archive	false	2024-11-16 20:00	2024-11-16 22:00
General Assembly	archive	false	2024-11-17 16:00	2024-11-17 17:00
ml	archive	false	2024-11-18 10:00	2024-11-18 12:00
falkenberger no power	archive	false	2024-11-19 08:00	2024-11-19 11:00
fdl	archive	false	2024-11-19 10:00	2024-11-19 12:00
pst	archive	false	2024-11-19 12:00	2024-11-19 14:00
fp	archive	false	2024-11-19 14:00	2024-11-19 16:00
dbis	archive	false	2024-11-20 14:00	2024-11-20 16:00
Frühstück mit der Rektorin	archive	false	2024-11-22 09:00	2024-11-22 10:00
ml	archive	false	2024-11-25 10:00	2024-11-25 12:00
fdl	archive	false	2024-11-26 10:00	2024-11-26 12:00
pst	archive	false	2024-11-26 12:00	2024-11-26 14:00
fp	archive	false	2024-11-26 14:00	2024-11-26 16:00
dbis	archive	false	2024-11-27 14:00	2024-11-27 16:00
Introduction to exam regulations	archive	false	2024-11-28 12:00	2024-11-28 13:00
The Responsibility of the Scientist in Communicating the Sustainability Crisis Prof. Dr. Jürgen Rödel	archive	false	2024-11-28 18:15	2024-11-28 19:15
nrc recovery run	archive	false	2024-12-01 08:00	2024-12-01 08:30
text emikar ka and icm mentor	archive	false	2024-12-01 08:45	2024-12-01 09:00
kütüpaneye git dl ex06 bak	archive	false	2024-12-01 09:30	2024-12-01 11:00
fdl aufgabe m mub	archive	false	2024-12-01 11:30	2024-12-01 13:30
haftaya perş yapalım mı exerciseyi? ve fdl yarışma	archive	false	2024-12-01 13:30	2024-12-01 14:00
gym m vemeyi	archive	false	2024-12-01 16:20	2024-12-01 18:00
dinner m vemeyi	archive	false	2024-12-01 18:00	2024-12-01 19:30
mb toplantı	archive	false	2024-12-01 20:15	2024-12-01 20:45
ml	archive	false	2024-12-02 10:00	2024-12-02 12:00
Ways to go abroad 	archive	false	2024-12-02 15:00	2024-12-02 16:30
nrc speed run	archive	false	2024-12-02 16:45	2024-12-02 17:15
fdl	archive	false	2024-12-03 10:00	2024-12-03 12:00
pst	archive	false	2024-12-03 12:00	2024-12-03 14:00
fp	archive	false	2024-12-03 14:00	2024-12-03 16:00
ft aile	archive	false	2024-12-03 18:30	2024-12-03 18:45
go get airpods	archive	false	2024-12-03 19:00	2024-12-03 19:45
nrc recovery run	archive	false	2024-12-04 12:00	2024-12-04 12:30
Schachabend / Chess Evening	archive	false	2024-12-04 17:00	2024-12-04 18:00
ps e05 basla	archive	false	2024-12-04 22:30	2024-12-05 00:00
Ausländer Freiburg	archive	false	2024-12-05 07:00	2024-12-05 08:15
ps e05 devam	archive	false	2024-12-05 14:00	2024-12-05 15:00
fdl aufgabe m mub	archive	false	2024-12-05 15:00	2024-12-05 17:00
nrc speed run	archive	false	2024-12-06 00:00	2024-12-06 00:30
text milan people	archive	false	2024-12-06 12:00	2024-12-06 13:00
temizlik	archive	false	2024-12-06 13:00	2024-12-06 13:30
nrc long run	archive	false	2024-12-06 17:00	2024-12-06 18:00
fourf meeting	archive	false	2024-12-06 18:00	2024-12-06 19:00
Trip to Milan (Lampugnano bus station)	archive	false	2024-12-07 01:30	2024-12-07 08:05
Trip to Freiburg (i.Br.)	archive	false	2024-12-09 01:00	2024-12-09 07:35
ml	archive	false	2024-12-09 10:00	2024-12-09 12:00
nrc recovery run	archive	false	2024-12-09 16:00	2024-12-09 16:30
fdl	archive	false	2024-12-10 10:00	2024-12-10 12:00
ps	archive	false	2024-12-10 12:00	2024-12-10 14:00
fp	archive	false	2024-12-10 14:00	2024-12-10 16:00
get trash bags	archive	false	2024-12-10 16:00	2024-12-10 16:30
watch dbis lecture 5	archive	false	2024-12-11 12:30	2024-12-11 13:00
watch dbis lecture 6	archive	false	2024-12-11 13:00	2024-12-11 13:45
dbis	archive	false	2024-12-11 14:00	2024-12-11 16:00
nrc speed run	archive	false	2024-12-11 16:30	2024-12-11 17:00
ps e06 yap	archive	false	2024-12-12 12:00	2024-12-12 16:00
ml e07 yap	archive	false	2024-12-12 20:30	2024-12-12 22:00
visit barmer	archive	false	2024-12-13 09:45	2024-12-13 11:00
fdl exercise	archive	false	2024-12-13 10:00	2024-12-13 12:00
timon gift shopping	archive	false	2024-12-13 11:15	2024-12-13 11:45
ps exercise	archive	false	2024-12-13 12:00	2024-12-13 14:00
fp exercise	archive	false	2024-12-13 14:00	2024-12-13 16:00
ml exercise	archive	false	2024-12-13 14:00	2024-12-13 16:00
günsonu ve yarın planlaması	archive	false	2024-12-13 22:00	2024-12-13 22:30
radio tax	archive	false	2024-12-13 22:30	2024-12-13 23:00
maillerini oku	archive	false	2024-12-14 03:30	2024-12-14 04:00
temizlik	archive	false	2024-12-14 04:00	2024-12-14 05:00
safiye yaz chrismas	archive	false	2024-12-14 11:00	2024-12-14 11:30
build fours	archive	false	2024-12-14 14:00	2024-12-14 17:00
build fours	archive	false	2024-12-14 20:30	2024-12-14 23:30
build fours	archive	false	2024-12-15 06:00	2024-12-15 07:30
radio tax	archive	false	2024-12-15 09:00	2024-12-15 09:30
build fours	archive	false	2024-12-15 10:00	2024-12-15 11:30
fdl aufgabe m mub	archive	false	2024-12-15 13:00	2024-12-15 17:00
pools print 2 qr & keyboard	archive	false	2024-12-15 18:00	2024-12-15 18:30
ml lecture 08 & 09 izle	archive	false	2024-12-16 06:00	2024-12-16 09:00
ml	archive	false	2024-12-16 10:00	2024-12-16 12:00
fdl lecture 09 izle	archive	false	2024-12-16 17:00	2024-12-16 19:00
tagesschau	archive	false	2024-12-16 20:00	2024-12-16 20:30
fdl	archive	false	2024-12-17 10:00	2024-12-17 12:00
dorm bak	archive	false	2024-12-17 12:30	2024-12-17 13:30
fp	archive	false	2024-12-17 14:00	2024-12-17 16:00
study tagesschau	archive	false	2024-12-17 18:00	2024-12-17 20:00
tagesschau	archive	false	2024-12-17 20:00	2024-12-17 20:30
study tagesschau	archive	false	2024-12-17 20:45	2024-12-17 21:45
sbocom setup	archive	false	2024-12-18 02:00	2024-12-18 03:00
maillerini oku	archive	false	2024-12-18 13:15	2024-12-18 13:45
dbis	archive	false	2024-12-18 14:00	2024-12-18 16:00
bisikletci git	archive	false	2024-12-18 16:00	2024-12-18 16:30
lidl	archive	false	2024-12-18 16:30	2024-12-18 17:00
tagesschau	archive	false	2024-12-18 20:00	2024-12-18 20:30
MAT-75 design	archive	false	2024-12-18 23:00	2024-12-19 00:00
study ps	archive	false	2024-12-19 11:00	2024-12-19 16:00
nrc 5k w5 recovery run	archive	false	2024-12-19 16:15	2024-12-19 17:00
tagesschau	archive	false	2024-12-19 20:00	2024-12-19 20:30
15 min german practice	archive	false	2024-12-20 08:30	2024-12-20 09:00
Deep Learning with PyTorch: A 60 Minute Blitz 	archive	false	2024-12-20 09:00	2024-12-20 11:15
fdl exercise	archive	false	2024-12-20 10:00	2024-12-20 12:00
ps exercise	archive	false	2024-12-20 12:00	2024-12-20 14:00
fp exercise	archive	false	2024-12-20 14:00	2024-12-20 16:00
ml exercise	archive	false	2024-12-20 14:00	2024-12-20 16:00
nrc 5k w5 speed run	archive	false	2024-12-20 15:00	2024-12-20 16:00
gym m vemeyi & erkitun	archive	false	2024-12-20 16:00	2024-12-20 18:00
tagesschau	archive	false	2024-12-20 20:00	2024-12-20 20:30
build fours	archive	false	2024-12-20 23:00	2024-12-21 02:30
15 min german practice	archive	false	2024-12-22 09:30	2024-12-22 10:00
mub oku	archive	false	2024-12-22 14:00	2024-12-22 14:30
fdl competition m bum	archive	false	2024-12-22 14:30	2024-12-22 18:00
nrc 5k w5 long run	archive	false	2024-12-22 18:00	2024-12-22 20:00
christmas break	archive	true	2024-12-23 00:00	2025-01-05 23:59
fp study	archive	false	2024-12-23 10:00	2024-12-23 18:00
xmas shopping	archive	false	2024-12-23 18:00	2024-12-23 19:00
tagesschau	archive	false	2024-12-23 20:00	2024-12-23 20:30
15 min german practice	archive	false	2024-12-23 22:00	2024-12-23 22:30
15 min german practice	archive	false	2024-12-24 06:00	2024-12-24 06:30
nrc 5k w6 recovery run	archive	false	2024-12-24 07:45	2024-12-24 08:45
xmas shopping	archive	false	2024-12-24 08:45	2024-12-24 10:00
fp study	archive	false	2024-12-24 12:00	2024-12-24 19:30
tagesschau	archive	false	2024-12-24 20:00	2024-12-24 20:30
shower	archive	false	2024-12-24 20:30	2024-12-24 21:00
fp study	archive	false	2024-12-24 23:00	2024-12-25 00:00
dl book 51-54	archive	false	2024-12-25 05:30	2024-12-25 06:00
15 min german practice	archive	false	2024-12-25 06:00	2024-12-25 06:30
facetime baba	archive	false	2024-12-25 06:30	2024-12-25 07:15
nrc 5k w6 speed run	archive	false	2024-12-25 07:15	2024-12-25 08:00
cereal + banana	archive	false	2024-12-25 09:00	2024-12-25 10:00
frozen pizza	archive	false	2024-12-25 13:00	2024-12-25 14:00
fp study	archive	false	2024-12-25 14:00	2024-12-25 15:00
chicken drumsticks + pesto pasta	archive	false	2024-12-25 19:00	2024-12-25 20:00
tagesschau	archive	false	2024-12-25 20:00	2024-12-25 20:30
dl book ch 3 probability	archive	false	2024-12-25 21:00	2024-12-26 01:30
15 min german practice	archive	false	2024-12-26 08:30	2024-12-26 09:00
chicken drumsticks + pesto pasta	archive	false	2024-12-26 09:00	2024-12-26 10:00
fp study	archive	false	2024-12-26 11:00	2024-12-26 13:00
fp study	archive	false	2024-12-26 15:00	2024-12-26 19:00
nrc 5k w6 recovery run	archive	false	2024-12-26 19:00	2024-12-26 20:00
tagesschau	archive	false	2024-12-26 20:00	2024-12-26 20:30
salmon + pesto pasta	archive	false	2024-12-26 20:30	2024-12-26 21:15
banana + pesto pasta + salmon	archive	false	2024-12-27 09:45	2024-12-27 11:00
cheesy pesto pasta	archive	false	2024-12-27 19:00	2024-12-27 20:00
tagesschau	archive	false	2024-12-27 20:00	2024-12-27 20:30
nrc 5k w6 speed run	archive	false	2024-12-28 11:00	2024-12-28 12:00
melon + orange + bananas	archive	false	2024-12-28 13:00	2024-12-28 14:00
chicken drumsticks + pesto pasta	archive	false	2024-12-28 17:00	2024-12-28 18:00
tagesschau	archive	false	2024-12-28 20:00	2024-12-28 20:30
fp study	archive	false	2024-12-29 13:00	2024-12-29 14:00
nrc 5k w6 long run	archive	false	2024-12-29 16:00	2024-12-29 17:00
frozen pizza	archive	false	2024-12-29 17:00	2024-12-29 18:00
nrc 5k w7 recovery run	archive	false	2024-12-30 15:00	2024-12-30 16:00
maultaschen + eggs	archive	false	2024-12-30 16:00	2024-12-30 17:00
text people facetime & new year	archive	false	2024-12-31 05:00	2024-12-31 06:00
fp study	archive	false	2024-12-31 06:00	2024-12-31 07:30
pancakes	archive	false	2024-12-31 08:00	2024-12-31 12:00
deep fridge cleaning	archive	false	2024-12-31 12:00	2024-12-31 13:00
maultaschen + eggs	archive	false	2024-12-31 19:00	2024-12-31 20:00
tagesschau	archive	false	2025-01-01 20:30	2025-01-01 21:00
ANNE DG	archive	true	2025-01-02 00:00	2025-01-02 23:59
eggs	archive	false	2025-01-02 11:00	2025-01-02 12:00
basilico pasta	archive	false	2025-01-02 19:00	2025-01-02 20:00
tagesschau	archive	false	2025-01-02 20:00	2025-01-02 20:30
30 min german practice	archive	false	2025-01-02 20:30	2025-01-02 21:00
nrc 5k w7 speed run	archive	false	2025-01-03 09:00	2025-01-03 10:30
basilico pasta + eggs	archive	false	2025-01-03 11:00	2025-01-03 12:00
30 min german practice	archive	false	2025-01-03 12:00	2025-01-03 13:00
Freiburg(Breisgau) Hbf ➞ Orschweier	archive	false	2025-01-03 13:27	2025-01-03 13:55
mazin & safiye	archive	false	2025-01-03 14:00	2025-01-03 18:00
tagesschau	archive	false	2025-01-03 20:00	2025-01-03 20:30
30 min german practice	archive	false	2025-01-04 08:00	2025-01-04 08:30
nrc 5k w7 recovery run	archive	false	2025-01-04 08:30	2025-01-04 09:30
facetime tunc	archive	false	2025-01-04 19:00	2025-01-04 19:30
tagesschau	archive	false	2025-01-04 20:00	2025-01-04 20:30
dbis order	archive	false	2025-01-05 12:00	2025-01-05 13:00
ps order	archive	false	2025-01-05 13:00	2025-01-05 14:00
nrc 5k w7 speed run	archive	false	2025-01-05 15:30	2025-01-05 16:30
abendessen	archive	false	2025-01-05 16:30	2025-01-05 17:30
tagesschau	archive	false	2025-01-05 20:00	2025-01-05 20:30
30 min german practice	archive	false	2025-01-05 20:30	2025-01-05 21:00
frühstück + brush	archive	false	2025-01-06 12:00	2025-01-06 13:00
sınavlara kaydol	archive	false	2025-01-06 16:00	2025-01-06 17:00
erasmus bak	archive	false	2025-01-06 17:00	2025-01-06 18:00
gym m vemeyi & erkitun	archive	false	2025-01-06 18:00	2025-01-06 19:00
abendessen	archive	false	2025-01-06 19:00	2025-01-06 20:00
tagesschau	archive	false	2025-01-06 20:00	2025-01-06 20:30
study tagesschau	archive	false	2025-01-06 20:30	2025-01-06 21:00
fdl	archive	false	2025-01-07 10:00	2025-01-07 12:00
ps	archive	false	2025-01-07 12:00	2025-01-07 14:00
fp	archive	false	2025-01-07 14:00	2025-01-07 16:00
abendessen	archive	false	2025-01-07 16:30	2025-01-07 17:30
tagesschau	archive	false	2025-01-07 20:00	2025-01-07 20:30
pools print 2025 bingo	archive	false	2025-01-07 23:15	2025-01-08 00:00
30 min german practice	archive	false	2025-01-08 02:00	2025-01-08 02:30
nrc 5k w7 long run	archive	false	2025-01-08 08:00	2025-01-08 09:00
frühstück	archive	false	2025-01-08 09:00	2025-01-08 09:30
vemeyi paket help	archive	false	2025-01-08 09:30	2025-01-08 10:15
pools print erasmus docs	archive	false	2025-01-08 10:15	2025-01-08 11:00
Consultation with Prof. Dr. Hartmann	archive	false	2025-01-08 11:00	2025-01-08 12:00
dbis	archive	false	2025-01-08 14:00	2025-01-08 16:00
abendessen	archive	false	2025-01-08 16:30	2025-01-08 17:30
tagesschau	archive	false	2025-01-08 20:00	2025-01-08 20:30
1 hour german practice	archive	false	2025-01-09 01:00	2025-01-09 02:00
Aufenthaltstitel	archive	false	2025-01-09 06:00	2025-01-09 07:00
frühstück	archive	false	2025-01-09 07:00	2025-01-09 08:00
ps study	archive	false	2025-01-09 08:00	2025-01-09 09:00
shower	archive	false	2025-01-09 12:30	2025-01-09 13:00
ps study	archive	false	2025-01-09 13:15	2025-01-09 16:30
Sustainability at SICK	archive	false	2025-01-09 18:15	2025-01-09 19:45
x - alice weidel - elon musk	archive	false	2025-01-09 19:00	2025-01-09 20:15
tagesschau	archive	false	2025-01-09 20:00	2025-01-09 20:30
abendessen	archive	false	2025-01-09 20:30	2025-01-09 21:30
dl book ch 3 probability	archive	false	2025-01-09 22:00	2025-01-10 00:00
frühstück	archive	false	2025-01-10 05:00	2025-01-10 05:45
Aufenthaltstitel	archive	false	2025-01-10 05:45	2025-01-10 09:00
fdl exercise	archive	false	2025-01-10 10:00	2025-01-10 12:00
ps exercise	archive	false	2025-01-10 12:00	2025-01-10 14:00
fp exercise	archive	false	2025-01-10 14:00	2025-01-10 16:00
abendessen	archive	false	2025-01-10 15:00	2025-01-10 16:00
tagesschau	archive	false	2025-01-10 20:00	2025-01-10 20:30
sleep	sleep	false	2025-01-11 00:00	2025-01-11 08:00
sleep	sleep	false	2025-01-11 08:00	2025-01-11 12:00
nrc 5k w8 recovery run	archive	false	2025-01-11 13:00	2025-01-11 14:00
mittagessen	archive	false	2025-01-11 14:00	2025-01-11 15:00
abendessen	archive	false	2025-01-11 19:00	2025-01-11 21:30
sleep	sleep	false	2025-01-12 03:00	2025-01-12 08:00
sleep	sleep	false	2025-01-12 08:00	2025-01-12 12:00
sticker araştır	archive	false	2025-01-12 13:00	2025-01-12 16:00
abendessen	archive	false	2025-01-12 18:00	2025-01-12 19:00
tagesschau	archive	false	2025-01-12 20:00	2025-01-12 20:30
sleep	sleep	false	2025-01-13 01:00	2025-01-13 08:00
frühstück	archive	false	2025-01-13 09:00	2025-01-13 10:00
ml	archive	false	2025-01-13 10:00	2025-01-13 12:00
dl book ch 3 & ch 1	archive	false	2025-01-13 12:00	2025-01-13 17:00
abendessen	archive	false	2025-01-13 18:00	2025-01-13 20:00
tagesschau	archive	false	2025-01-13 20:00	2025-01-13 21:00
fdl vids	archive	false	2025-01-13 21:00	2025-01-14 00:00
fdl vids	archive	false	2025-01-14 00:00	2025-01-14 03:00
sleep	sleep	false	2025-01-14 03:00	2025-01-14 07:30
frühstück	archive	false	2025-01-14 09:00	2025-01-14 10:00
fdl	archive	false	2025-01-14 10:00	2025-01-14 12:00
ps	archive	false	2025-01-14 12:00	2025-01-14 14:00
fp	archive	false	2025-01-14 14:00	2025-01-14 16:00
basket m envgur & okasah	archive	false	2025-01-14 16:00	2025-01-14 17:00
abendessen	archive	false	2025-01-14 17:00	2025-01-14 18:00
tagesschau	archive	false	2025-01-14 20:00	2025-01-14 21:00
dl book ch 2 linear algebra	archive	false	2025-01-14 21:00	2025-01-15 00:00
dl book ch 2 linear algebra	archive	false	2025-01-15 00:00	2025-01-15 02:00
sleep	sleep	false	2025-01-15 02:00	2025-01-15 07:30
nrc 5k w8 speed run	archive	false	2025-01-15 07:30	2025-01-15 09:00
frühstück	archive	false	2025-01-15 09:00	2025-01-15 10:00
go barmer	archive	false	2025-01-15 10:00	2025-01-15 11:00
Consultation with Prof. Dr. Hartmann	archive	false	2025-01-15 11:00	2025-01-15 12:00
dbis study	archive	false	2025-01-15 12:00	2025-01-15 14:00
dbis	archive	false	2025-01-15 14:00	2025-01-15 16:00
groceries	archive	false	2025-01-15 16:00	2025-01-15 17:00
abendessen	archive	false	2025-01-15 17:00	2025-01-15 18:00
tagesschau	archive	false	2025-01-15 20:00	2025-01-15 21:00
ps study	archive	false	2025-01-16 01:00	2025-01-16 02:00
sleep	sleep	false	2025-01-16 02:00	2025-01-16 07:30
sleep	sleep	false	2025-01-16 07:30	2025-01-16 10:30
sleep	sleep	false	2025-01-16 10:30	2025-01-16 12:30
swfr extension	archive	false	2025-01-16 13:00	2025-01-16 14:00
ps study	archive	false	2025-01-16 14:00	2025-01-16 16:00
nrc 5k w8 recovery run	archive	false	2025-01-16 17:00	2025-01-16 18:30
abendessen	archive	false	2025-01-16 18:30	2025-01-16 20:00
tagesschau	archive	false	2025-01-16 20:00	2025-01-16 21:00
dl book ch 2 linear algebra	archive	false	2025-01-17 00:00	2025-01-17 02:00
1 hour german practice	archive	false	2025-01-17 02:00	2025-01-17 03:00
sleep	sleep	false	2025-01-17 03:00	2025-01-17 07:30
sleep	sleep	false	2025-01-17 07:30	2025-01-17 09:30
frühstück	archive	false	2025-01-17 09:30	2025-01-17 10:30
fdl exercise	archive	false	2025-01-17 10:00	2025-01-17 12:00
ps exercise	archive	false	2025-01-17 12:00	2025-01-17 14:00
fp exercise	archive	false	2025-01-17 14:00	2025-01-17 16:00
ml exercise	archive	false	2025-01-17 14:00	2025-01-17 16:00
abendessen	archive	false	2025-01-17 16:00	2025-01-17 17:00
dl book ch 2 linear algebra	archive	false	2025-01-17 17:00	2025-01-17 18:00
founders forge	archive	false	2025-01-17 18:00	2025-01-17 22:00
dl book ch 2 linear algebra	archive	false	2025-01-17 23:00	2025-01-18 00:00
dl book ch 2 linear algebra	archive	false	2025-01-18 00:00	2025-01-18 02:00
1 hour german practice	archive	false	2025-01-18 02:00	2025-01-18 03:00
sleep	sleep	false	2025-01-18 03:00	2025-01-18 07:30
sleep	sleep	false	2025-01-18 07:30	2025-01-18 10:30
nrc 5k w8 recovery run	archive	false	2025-01-18 10:30	2025-01-18 11:30
frühstück	archive	false	2025-01-18 11:30	2025-01-18 12:30
dl book ch 2 linear algebra	archive	false	2025-01-18 13:00	2025-01-18 15:00
apotheke + rewe	archive	false	2025-01-18 15:00	2025-01-18 16:00
fußball spielen	archive	false	2025-01-18 16:00	2025-01-18 18:00
dl book ch 2 linear algebra	archive	false	2025-01-18 18:00	2025-01-18 19:30
abendessen	archive	false	2025-01-18 19:30	2025-01-18 21:55
sleep	sleep	false	2025-01-19 02:30	2025-01-19 09:00
pancakes	archive	false	2025-01-19 09:00	2025-01-19 12:00
dl book ch 2 linear algebra	archive	false	2025-01-19 14:00	2025-01-19 17:00
abendessen	archive	false	2025-01-19 17:00	2025-01-19 18:00
dl book ch 4 numerical computation	archive	false	2025-01-19 18:00	2025-01-19 20:00
sleep	sleep	false	2025-01-19 20:00	2025-01-19 23:00
dl book ch 4 numerical computation	archive	false	2025-01-19 23:00	2025-01-20 00:00
dl book ch 4 numerical computation	archive	false	2025-01-20 00:00	2025-01-20 02:00
sleep	sleep	false	2025-01-20 04:00	2025-01-20 09:00
frühstück	archive	false	2025-01-20 09:00	2025-01-20 10:00
ml	archive	false	2025-01-20 10:00	2025-01-20 12:00
dl book ch 5 ml basics	archive	false	2025-01-20 12:00	2025-01-20 16:30
abendessen	archive	false	2025-01-20 17:00	2025-01-20 18:30
facetime borofil	archive	false	2025-01-20 18:30	2025-01-20 19:30
tagesschau	archive	false	2025-01-20 20:00	2025-01-20 21:00
fdl vids	archive	false	2025-01-21 00:00	2025-01-21 02:00
sleep	sleep	false	2025-01-21 04:00	2025-01-21 09:00
fdl vids	archive	false	2025-01-21 09:00	2025-01-21 10:00
fdl	archive	false	2025-01-21 10:00	2025-01-21 12:00
ps	archive	false	2025-01-21 12:00	2025-01-21 14:00
fp	archive	false	2025-01-21 14:00	2025-01-21 16:00
abendessen	archive	false	2025-01-21 16:00	2025-01-21 17:00
fdl flower challenge	archive	false	2025-01-21 18:00	2025-01-21 20:00
tagesschau	archive	false	2025-01-21 20:00	2025-01-21 21:00
fdl flower challenge	archive	false	2025-01-21 21:00	2025-01-22 00:00
fdl flower challenge	archive	false	2025-01-22 00:00	2025-01-22 03:00
sleep	sleep	false	2025-01-22 03:00	2025-01-22 09:00
gym	archive	false	2025-01-22 09:00	2025-01-22 10:00
frühstück	archive	false	2025-01-22 10:00	2025-01-22 11:00
dbis study	archive	false	2025-01-22 12:00	2025-01-22 14:00
dbis	archive	false	2025-01-22 14:00	2025-01-22 16:00
abendessen	archive	false	2025-01-22 16:00	2025-01-22 17:00
fdl flower challenge	archive	false	2025-01-22 18:00	2025-01-22 20:00
tagesschau	archive	false	2025-01-22 20:00	2025-01-22 21:00
ps study	archive	false	2025-01-22 23:00	2025-01-23 00:00
ps study	archive	false	2025-01-23 00:00	2025-01-23 01:00
sleep	sleep	false	2025-01-23 01:00	2025-01-23 04:00
sleep	sleep	false	2025-01-23 04:00	2025-01-23 09:00
gym	archive	false	2025-01-23 09:00	2025-01-23 10:00
frühstück	archive	false	2025-01-23 10:00	2025-01-23 11:00
ps study	archive	false	2025-01-23 14:00	2025-01-23 16:00
abendessen	archive	false	2025-01-23 16:00	2025-01-23 17:00
DAAD-TEV Ortak Yüksek Lisans Bursu	archive	false	2025-01-23 17:00	2025-01-23 18:30
How We Turn the End into the Beginning	archive	false	2025-01-23 18:15	2025-01-23 19:45
tagesschau	archive	false	2025-01-23 20:00	2025-01-23 21:00
german practice	archive	false	2025-01-24 00:00	2025-01-24 02:00
sleep	sleep	false	2025-01-24 02:00	2025-01-24 04:00
sleep	sleep	false	2025-01-24 04:00	2025-01-24 08:00
frühstück	archive	false	2025-01-24 09:00	2025-01-24 10:00
fdl exercise	archive	false	2025-01-24 10:00	2025-01-24 12:00
ps exercise	archive	false	2025-01-24 12:00	2025-01-24 14:00
fp exercise	archive	false	2025-01-24 14:00	2025-01-24 16:00
ml exercise	archive	false	2025-01-24 14:00	2025-01-24 16:00
groceries	archive	false	2025-01-24 16:00	2025-01-24 17:00
abendessen	archive	false	2025-01-24 17:00	2025-01-24 18:00
founders forge	archive	false	2025-01-24 18:00	2025-01-24 21:00
dl book ch 5 ml basics	archive	false	2025-01-24 23:00	2025-01-25 00:00
dl book ch 5 ml basics	archive	false	2025-01-25 00:00	2025-01-25 02:15
sleep	sleep	false	2025-01-25 02:30	2025-01-25 05:30
sleep	sleep	false	2025-01-25 05:30	2025-01-25 08:00
sleep	sleep	false	2025-01-25 08:00	2025-01-25 09:00
sleep	sleep	false	2025-01-25 09:00	2025-01-25 10:00
run	archive	false	2025-01-25 10:00	2025-01-25 11:00
frühstück	archive	false	2025-01-25 11:00	2025-01-25 12:00
dl book ch 5 ml basics	archive	false	2025-01-25 12:00	2025-01-25 16:00
abendessen	archive	false	2025-01-25 16:30	2025-01-25 17:30
ml mock exam	archive	false	2025-01-25 18:00	2025-01-25 20:00
tagesschau	archive	false	2025-01-25 20:00	2025-01-25 21:00
ml mock exam	archive	false	2025-01-26 00:00	2025-01-26 01:30
sleep	sleep	false	2025-01-26 02:00	2025-01-26 03:30
sleep	sleep	false	2025-01-26 03:30	2025-01-26 08:00
run seepark 1 little tour	archive	false	2025-01-26 08:00	2025-01-26 09:00
frühstück	archive	false	2025-01-26 09:00	2025-01-26 10:00
self care	archive	false	2025-01-26 10:00	2025-01-26 11:00
ml mock exam solving prep	archive	false	2025-01-26 11:00	2025-01-26 14:30
prep cacio e pepe	archive	false	2025-01-26 14:30	2025-01-26 16:30
chicken wings mit vemeyi	archive	false	2025-01-26 18:00	2025-01-26 20:30
pools mit vemeyi	archive	false	2025-01-26 20:30	2025-01-26 21:30
bicycle tour mit vemeyi	archive	false	2025-01-26 21:30	2025-01-26 23:00
sleep	sleep	false	2025-01-27 02:00	2025-01-27 07:30
sleep	sleep	false	2025-01-27 07:30	2025-01-27 09:00
sleep	sleep	false	2025-01-27 09:00	2025-01-27 11:15
ml	archive	false	2025-01-27 10:00	2025-01-27 12:00
mittagessen mit turks	archive	false	2025-01-27 12:00	2025-01-27 14:00
pools mit turks	archive	false	2025-01-27 14:00	2025-01-27 15:00
dl book ch 5 ml basics	archive	false	2025-01-27 16:30	2025-01-27 19:00
facetime borofil	archive	false	2025-01-27 19:00	2025-01-27 20:00
tagesschau	archive	false	2025-01-27 20:00	2025-01-27 21:00
youtube premium aile	archive	false	2025-01-27 21:00	2025-01-28 00:00
facetime ceylin	archive	false	2025-01-28 00:00	2025-01-28 01:00
facetime tunc	archive	false	2025-01-28 01:30	2025-01-28 02:30
dl book ch 5 ml basics	archive	false	2025-01-28 02:30	2025-01-28 03:30
sleep	sleep	false	2025-01-28 03:30	2025-01-28 05:00
sleep	sleep	false	2025-01-28 05:00	2025-01-28 09:30
fdl	archive	false	2025-01-28 10:00	2025-01-28 12:00
ps	archive	false	2025-01-28 12:00	2025-01-28 14:00
fp	archive	false	2025-01-28 14:00	2025-01-28 16:00
abendessen - tuna pasta	archive	false	2025-01-28 17:45	2025-01-28 18:45
dl book ch 5 ml basics	archive	false	2025-01-28 18:45	2025-01-28 20:30
chilling m vemeyi	archive	false	2025-01-28 20:30	2025-01-28 22:45
radio tax letter	archive	false	2025-01-28 23:00	2025-01-29 00:00
radio tax letter	archive	false	2025-01-29 00:00	2025-01-29 01:30
sleep	sleep	false	2025-01-29 02:00	2025-01-29 08:00
sleep	sleep	false	2025-01-29 08:00	2025-01-29 09:30
bike to deutche post	archive	false	2025-01-29 10:00	2025-01-29 11:00
frühstück - maultaschen	archive	false	2025-01-29 11:00	2025-01-29 12:00
dbis vids	archive	false	2025-01-29 12:00	2025-01-29 14:00
dbis	archive	false	2025-01-29 14:00	2025-01-29 16:00
dl book ch 5 ml basics	archive	false	2025-01-29 16:00	2025-01-29 17:30
Digital Health  Research Night	archive	false	2025-01-29 17:30	2025-01-29 19:15
sleep	sleep	false	2025-01-30 02:30	2025-01-30 08:00
sleep	sleep	false	2025-01-30 08:00	2025-01-30 09:30
run seepark 1 big tour	archive	false	2025-01-30 10:00	2025-01-30 11:00
frühstück - cereal	archive	false	2025-01-30 11:00	2025-01-30 12:00
dl book ch 5 ml basics	archive	false	2025-01-30 12:00	2025-01-30 14:00
abendessen - eggs & tuna	archive	false	2025-01-30 16:00	2025-01-30 17:00
The Future of Laundry: Collaborative Approaches to Circular Economy and Sustainability	archive	false	2025-01-30 18:15	2025-01-30 19:45
build fours	archive	false	2025-01-30 20:00	2025-01-31 00:00
build fours	archive	false	2025-01-31 00:15	2025-01-31 02:30
sleep	sleep	false	2025-01-31 03:00	2025-01-31 08:00
gym m vemeyi	archive	false	2025-01-31 08:00	2025-01-31 09:00
frühstück	archive	false	2025-01-31 09:00	2025-01-31 10:00
build fours	archive	false	2025-01-31 10:30	2025-01-31 14:00
fp exercise	archive	false	2025-01-31 14:00	2025-01-31 16:00
ml exercise	archive	false	2025-01-31 14:00	2025-01-31 16:00
groceries	archive	false	2025-01-31 16:00	2025-01-31 17:00
abendessen	archive	false	2025-01-31 17:00	2025-01-31 18:00
founders forge	archive	false	2025-01-31 18:00	2025-01-31 21:00
sleep	sleep	false	2025-02-01 02:00	2025-02-01 08:00
run 5k	archive	false	2025-02-01 08:00	2025-02-01 09:00
facetime babaanne & borofil	archive	false	2025-02-01 09:00	2025-02-01 10:00
frühstück	archive	false	2025-02-01 10:00	2025-02-01 11:00
sleep	sleep	false	2025-02-01 12:00	2025-02-01 14:30
groceries	archive	false	2025-02-01 15:00	2025-02-01 17:00
abendessen	archive	false	2025-02-01 17:00	2025-02-01 19:30
dl book ch 5 ml basics	archive	false	2025-02-01 21:00	2025-02-01 22:00
fours	archive	false	2025-02-02 00:00	2025-02-02 03:00
sleep	sleep	false	2025-02-02 04:00	2025-02-02 07:00
frühstück mit chiara	archive	false	2025-02-02 08:00	2025-02-02 09:00
fours	archive	false	2025-02-02 09:00	2025-02-02 10:00
ml mock exam solve 	archive	false	2025-02-02 11:00	2025-02-02 16:00
abendessen	archive	false	2025-02-02 16:00	2025-02-02 17:00
sleep	sleep	false	2025-02-02 19:00	2025-02-02 23:30
sleep	sleep	false	2025-02-03 05:00	2025-02-03 10:00
ml	archive	false	2025-02-03 10:00	2025-02-03 12:00
pools print exams	archive	false	2025-02-03 12:00	2025-02-03 13:00
mittagessen	archive	false	2025-02-03 13:00	2025-02-03 14:00
qwerty	archive	false	2025-02-03 14:00	2025-02-03 15:00
run & pull ups	archive	false	2025-02-03 16:00	2025-02-03 17:00
abendessen	archive	false	2025-02-03 18:00	2025-02-03 20:00
tagesschau	archive	false	2025-02-03 20:00	2025-02-03 21:00
sleep	sleep	false	2025-02-04 03:30	2025-02-04 08:00
fdl read paper	archive	false	2025-02-04 08:30	2025-02-04 10:00
fdl	archive	false	2025-02-04 10:00	2025-02-04 12:00
ps	archive	false	2025-02-04 12:00	2025-02-04 14:00
fp	archive	false	2025-02-04 14:00	2025-02-04 16:00
abendessen	archive	false	2025-02-04 16:00	2025-02-04 18:00
dl book ch 5 ml basics	archive	false	2025-02-04 18:00	2025-02-04 22:30
sleep	sleep	false	2025-02-05 02:00	2025-02-05 06:30
sleep	sleep	false	2025-02-05 06:30	2025-02-05 08:00
sleep	sleep	false	2025-02-05 08:00	2025-02-05 09:30
frühstück	archive	false	2025-02-05 09:30	2025-02-05 10:30
dbis vids	archive	false	2025-02-05 11:00	2025-02-05 14:00
dbis	archive	false	2025-02-05 14:00	2025-02-05 16:00
groceries	archive	false	2025-02-05 16:00	2025-02-05 17:00
run recovery	archive	false	2025-02-05 17:00	2025-02-05 18:00
abendessen	archive	false	2025-02-05 18:00	2025-02-05 19:00
sleep	sleep	false	2025-02-05 20:30	2025-02-05 23:00
fours budget	archive	false	2025-02-06 00:30	2025-02-06 01:30
sleep	sleep	false	2025-02-06 05:00	2025-02-06 07:00
dl book ch 6 deep feedforward networks	archive	false	2025-02-06 08:00	2025-02-06 10:00
dl book ch 6 deep feedforward networks	archive	false	2025-02-06 10:30	2025-02-06 12:30
dl book ch 6 deep feedforward networks	archive	false	2025-02-06 14:30	2025-02-06 16:30
run 1k pr tryout	archive	false	2025-02-06 16:30	2025-02-06 18:00
abendessen	archive	false	2025-02-06 18:00	2025-02-06 19:00
sleep	sleep	false	2025-02-06 20:00	2025-02-06 22:00
erasmus research	archive	false	2025-02-06 23:00	2025-02-07 00:00
sleep	sleep	false	2025-02-07 03:30	2025-02-07 08:30
sleep	sleep	false	2025-02-07 08:30	2025-02-07 11:00
frühstück	archive	false	2025-02-07 11:30	2025-02-07 12:30
fp exercise	archive	false	2025-02-07 14:00	2025-02-07 16:00
ml exercise	archive	false	2025-02-07 14:00	2025-02-07 16:00
TF Erasmus Info Meeting	archive	false	2025-02-07 14:00	2025-02-07 16:00
groceries & dhl	archive	false	2025-02-07 16:00	2025-02-07 17:00
run recovery	archive	false	2025-02-07 17:00	2025-02-07 18:00
abendessen - karides	archive	false	2025-02-07 18:30	2025-02-07 20:00
dl book ch 6 deep feedforward networks	archive	false	2025-02-07 22:00	2025-02-08 00:00
dl book ch 6 deep feedforward networks	archive	false	2025-02-08 00:00	2025-02-08 02:00
sleep	sleep	false	2025-02-08 02:30	2025-02-08 06:30
nrc 5k	archive	false	2025-02-08 07:30	2025-02-08 09:00
frühstück	archive	false	2025-02-08 09:00	2025-02-08 10:00
facetime borofil	archive	false	2025-02-08 10:00	2025-02-08 11:00
fdl lecture 01	archive	false	2025-02-08 11:15	2025-02-08 16:00
fdl lecture 02	archive	false	2025-02-08 16:30	2025-02-08 22:00
fours budget	archive	false	2025-02-09 00:00	2025-02-09 01:00
sleep	sleep	false	2025-02-09 01:30	2025-02-09 06:30
fdl lecture 02	archive	false	2025-02-09 08:00	2025-02-09 09:00
eggmcmuffin	archive	false	2025-02-09 09:00	2025-02-09 10:00
fdl lecture 03	archive	false	2025-02-09 10:30	2025-02-09 18:00
abendessen	archive	false	2025-02-09 18:00	2025-02-09 19:00
dl book ch 8 optimization	archive	false	2025-02-09 19:30	2025-02-09 23:00
sleep	sleep	false	2025-02-10 02:00	2025-02-10 06:00
sleep	sleep	false	2025-02-10 06:00	2025-02-10 08:30
frühstück	archive	false	2025-02-10 08:30	2025-02-10 09:30
fdl lecture 04	archive	false	2025-02-10 10:00	2025-02-10 13:00
mittagessen	archive	false	2025-02-10 13:00	2025-02-10 14:00
fdl lecture 04	archive	false	2025-02-10 14:00	2025-02-10 16:30
fdl lecture 05	archive	false	2025-02-10 17:00	2025-02-10 22:00
fdl mock exam solve	archive	false	2025-02-10 22:00	2025-02-10 23:30
sleep	sleep	false	2025-02-11 02:00	2025-02-11 06:00
fdl lecture 06	archive	false	2025-02-11 08:00	2025-02-11 10:00
eggmcmuffin	archive	false	2025-02-11 10:00	2025-02-11 11:00
fdl lecture 06	archive	false	2025-02-11 11:00	2025-02-11 13:00
fdl lecture 07	archive	false	2025-02-11 13:00	2025-02-11 17:00
icm closing event	archive	false	2025-02-11 18:00	2025-02-11 19:30
groceries	archive	false	2025-02-11 19:30	2025-02-11 20:30
easy run	archive	false	2025-02-11 20:30	2025-02-11 22:00
lecture end questions latex	archive	false	2025-02-11 22:30	2025-02-12 00:00
sleep	sleep	false	2025-02-12 00:30	2025-02-12 06:00
sleep	sleep	false	2025-02-12 06:00	2025-02-12 07:30
frühstück	archive	false	2025-02-12 07:30	2025-02-12 08:30
fdl lecture 08	archive	false	2025-02-12 09:30	2025-02-12 13:00
mittagessen	archive	false	2025-02-12 13:00	2025-02-12 14:00
fdl lecture 08	archive	false	2025-02-12 14:00	2025-02-12 15:00
fdl lecture 09	archive	false	2025-02-12 15:30	2025-02-12 19:30
fdl mock exam solve	archive	false	2025-02-12 20:00	2025-02-12 22:00
sleep	sleep	false	2025-02-13 00:00	2025-02-13 06:00
sleep	sleep	false	2025-02-13 06:00	2025-02-13 08:00
sleep	sleep	false	2025-02-13 08:00	2025-02-13 09:00
frühstück	archive	false	2025-02-13 09:00	2025-02-13 10:00
fdl lecture 10	archive	false	2025-02-13 13:00	2025-02-13 15:00
mittagessen	archive	false	2025-02-13 15:00	2025-02-13 16:00
fdl lecture 10	archive	false	2025-02-13 16:00	2025-02-13 20:30
fdl mock exam solve	archive	false	2025-02-13 20:30	2025-02-13 21:30
sleep	sleep	false	2025-02-14 00:30	2025-02-14 06:30
fdl background	archive	false	2025-02-14 07:30	2025-02-14 09:00
frühstück	archive	false	2025-02-14 09:00	2025-02-14 10:00
fdl lecture 11	archive	false	2025-02-14 10:00	2025-02-14 18:00
lecture 11 overview mit vemeyi	archive	false	2025-02-14 18:30	2025-02-14 20:30
abendessen	archive	false	2025-02-14 21:30	2025-02-14 23:00
sleep	sleep	false	2025-02-15 01:00	2025-02-15 06:00
fdl lecture 12	archive	false	2025-02-15 08:00	2025-02-15 12:00
mittagessen	archive	false	2025-02-15 12:00	2025-02-15 13:00
fdl lecture 12	archive	false	2025-02-15 13:00	2025-02-15 14:30
fdl mock exam solve	archive	false	2025-02-15 15:00	2025-02-15 16:30
groceries	archive	false	2025-02-15 17:00	2025-02-15 18:00
easy run	archive	false	2025-02-15 18:00	2025-02-15 19:00
abendessen	archive	false	2025-02-15 20:00	2025-02-15 21:00
sleep	sleep	false	2025-02-16 01:00	2025-02-16 06:30
sleep	sleep	false	2025-02-16 06:30	2025-02-16 08:30
frühstück	archive	false	2025-02-16 10:00	2025-02-16 12:00
fdl mock exam tryout	archive	false	2025-02-16 12:00	2025-02-16 13:30
fdl lstm	archive	false	2025-02-16 14:00	2025-02-16 15:30
abendessen	archive	false	2025-02-16 16:00	2025-02-16 18:00
sleep	sleep	false	2025-02-17 02:30	2025-02-17 06:30
sleep	sleep	false	2025-02-17 06:30	2025-02-17 09:00
fdl s22 exam	archive	false	2025-02-17 10:30	2025-02-17 12:30
mittagessen	archive	false	2025-02-17 12:30	2025-02-17 13:30
fdl s22 exam	archive	false	2025-02-17 13:30	2025-02-17 14:30
fdl ws21 exam	archive	false	2025-02-17 14:30	2025-02-17 16:00
abendessen	archive	false	2025-02-17 17:30	2025-02-17 18:30
fdl recap	archive	false	2025-02-17 19:00	2025-02-18 00:00
sleep	sleep	false	2025-02-18 02:00	2025-02-18 05:30
sleep	sleep	false	2025-02-18 05:30	2025-02-18 07:00
sleep	sleep	false	2025-02-18 07:00	2025-02-18 08:00
fdl EXAM	archive	false	2025-02-18 09:00	2025-02-18 12:00
gym & run & pull ups	archive	false	2025-02-18 15:00	2025-02-18 17:00
abendessen	archive	false	2025-02-18 17:00	2025-02-18 18:00
facetime borofil	archive	false	2025-02-18 18:00	2025-02-18 19:00
sleep	sleep	false	2025-02-18 19:00	2025-02-18 20:00
sleep	sleep	false	2025-02-19 02:00	2025-02-19 07:00
facetime öner	archive	false	2025-02-19 07:00	2025-02-19 08:00
gym & inspired run & pull ups	archive	false	2025-02-19 08:00	2025-02-19 09:00
frühstück	archive	false	2025-02-19 09:00	2025-02-19 10:00
groceries	archive	false	2025-02-19 18:00	2025-02-19 19:00
abendessen	archive	false	2025-02-19 19:00	2025-02-19 20:00
sleep	sleep	false	2025-02-20 01:00	2025-02-20 07:00
6 x 1min speed run	archive	false	2025-02-20 07:00	2025-02-20 08:00
frühstück	archive	false	2025-02-20 09:00	2025-02-20 10:00
ml program	archive	false	2025-02-20 10:00	2025-02-20 11:00
ml w01 intro	archive	false	2025-02-20 11:00	2025-02-20 12:30
mittagessen	archive	false	2025-02-20 12:30	2025-02-20 13:30
groceries	archive	false	2025-02-20 13:30	2025-02-20 14:30
ml w01 intro	archive	false	2025-02-20 14:30	2025-02-20 16:30
jonte fahhradtutorat	archive	false	2025-02-20 16:30	2025-02-20 17:30
abendessen	archive	false	2025-02-20 18:00	2025-02-20 19:00
ml w01 intro	archive	false	2025-02-20 20:00	2025-02-20 23:00
ml w01 intro	archive	false	2025-02-21 00:00	2025-02-21 01:00
sleep	sleep	false	2025-02-21 01:00	2025-02-21 07:00
sleep	sleep	false	2025-02-21 07:00	2025-02-21 09:00
ml w02 linear methods	archive	false	2025-02-21 10:00	2025-02-21 12:30
mittagessen	archive	false	2025-02-21 12:30	2025-02-21 13:30
groceries	archive	false	2025-02-21 15:00	2025-02-21 16:00
ml w02 linear methods	archive	false	2025-02-21 16:00	2025-02-21 17:30
gym	archive	false	2025-02-21 17:30	2025-02-21 18:30
ml w03 regularization	archive	false	2025-02-21 19:30	2025-02-21 23:00
ml w03 regularization	archive	false	2025-02-22 00:30	2025-02-22 01:30
sleep	sleep	false	2025-02-22 01:30	2025-02-22 07:00
ml w03 regularization	archive	false	2025-02-22 09:30	2025-02-22 11:30
ml w03 & w02 & w01 exercise	archive	false	2025-02-22 11:30	2025-02-22 12:30
mittagessen	archive	false	2025-02-22 12:30	2025-02-22 13:30
ml w04 svm	archive	false	2025-02-22 15:00	2025-02-22 17:30
inspired run	archive	false	2025-02-22 17:30	2025-02-22 18:30
abendessen	archive	false	2025-02-22 19:00	2025-02-22 20:00
banana bread	archive	false	2025-02-22 20:00	2025-02-22 22:00
ml w04 svm	archive	false	2025-02-22 22:00	2025-02-23 00:00
germany elections	archive	true	2025-02-23 00:00	2025-02-23 23:59
sleep	sleep	false	2025-02-23 04:00	2025-02-23 08:30
ml w05 decision trees	archive	false	2025-02-23 16:00	2025-02-23 17:30
long run	archive	false	2025-02-23 17:30	2025-02-23 19:00
abendessen	archive	false	2025-02-23 19:30	2025-02-23 21:00
sleep	sleep	false	2025-02-24 00:30	2025-02-24 06:30
frühstück	archive	false	2025-02-24 09:00	2025-02-24 10:00
ml w06 nn I	archive	false	2025-02-24 10:00	2025-02-24 13:00
ml w07 nn II	archive	false	2025-02-24 13:00	2025-02-24 15:00
abendessen	archive	false	2025-02-24 15:00	2025-02-24 16:00
ml w07 & w06 exercise	archive	false	2025-02-24 16:00	2025-02-24 17:00
ml w05 decision trees	archive	false	2025-02-24 17:30	2025-02-24 19:00
ml w05 exercise	archive	false	2025-02-24 19:00	2025-02-24 20:00
groceries & mc & fourf	archive	false	2025-02-24 20:00	2025-02-24 21:00
sleep	sleep	false	2025-02-25 00:00	2025-02-25 06:30
sleep	sleep	false	2025-02-25 06:30	2025-02-25 07:30
sleep	sleep	false	2025-02-25 07:30	2025-02-25 09:00
frühstück	archive	false	2025-02-25 09:15	2025-02-25 10:15
ml w08 ensembles	archive	false	2025-02-25 11:00	2025-02-25 13:30
ml w08 ensembles	archive	false	2025-02-25 17:00	2025-02-25 18:00
ml w08 ensembles	archive	false	2025-02-25 19:00	2025-02-25 21:00
ml w09 gradient boosted decision trees	archive	false	2025-02-25 21:00	2025-02-25 23:30
ml w09 gradient boosted decision trees	archive	false	2025-02-26 00:30	2025-02-26 01:30
sleep	sleep	false	2025-02-26 02:00	2025-02-26 07:00
sleep	sleep	false	2025-02-26 07:00	2025-02-26 08:00
sleep	sleep	false	2025-02-26 08:00	2025-02-26 10:00
mittagessen	archive	false	2025-02-26 11:00	2025-02-26 12:00
ml old exam ws21 	archive	false	2025-02-26 12:00	2025-02-26 18:00
abendessen	archive	false	2025-02-26 18:30	2025-02-26 20:00
ml old exam ws21 	archive	false	2025-02-26 20:00	2025-02-27 00:00
sleep	sleep	false	2025-02-27 02:30	2025-02-27 07:30
ml w10 hpo	archive	false	2025-02-27 08:30	2025-02-27 11:00
mittagessen	archive	false	2025-02-27 11:00	2025-02-27 12:00
ml w10 exercise	archive	false	2025-02-27 12:30	2025-02-27 14:00
ml w11 overfitting	archive	false	2025-02-27 14:00	2025-02-27 17:00
ml w12 error measures	archive	false	2025-02-27 17:00	2025-02-27 19:30
groceries	archive	false	2025-02-27 19:30	2025-02-27 20:30
abendessen	archive	false	2025-02-27 20:30	2025-02-27 21:30
ml w12 error measures	archive	false	2025-02-27 22:00	2025-02-28 00:00
ml w12 error measures	archive	false	2025-02-28 00:30	2025-02-28 01:30
sleep	sleep	false	2025-02-28 02:00	2025-02-28 07:30
ml kahoot midterm	archive	false	2025-02-28 09:00	2025-02-28 10:00
ml kahoot final	archive	false	2025-02-28 10:00	2025-02-28 11:00
frühstück	archive	false	2025-02-28 11:00	2025-02-28 12:00
ml w11 & w12 exercise	archive	false	2025-02-28 12:00	2025-02-28 13:00
mittagessen	archive	false	2025-02-28 13:00	2025-02-28 14:00
ml old exam ws21 	archive	false	2025-02-28 17:00	2025-02-28 18:00
abendessen	archive	false	2025-02-28 18:00	2025-02-28 19:00
falkenberger winterfest	archive	false	2025-02-28 19:00	2025-02-28 22:00
old exams mit vemeyi	archive	false	2025-02-28 22:00	2025-03-01 00:00
old exams mit vemeyi	archive	false	2025-03-01 00:00	2025-03-01 01:00
sleep	sleep	false	2025-03-01 02:00	2025-03-01 09:00
groceries	archive	false	2025-03-01 09:00	2025-03-01 10:00
frühstück	archive	false	2025-03-01 10:00	2025-03-01 11:00
ml old exam ws21 	archive	false	2025-03-01 11:30	2025-03-01 13:30
ml old exam ws21 	archive	false	2025-03-01 17:00	2025-03-01 18:00
ml old exam ss22 retake 	archive	false	2025-03-01 18:00	2025-03-01 19:30
abendessen	archive	false	2025-03-01 19:00	2025-03-01 20:00
old exams mit vemeyi	archive	false	2025-03-01 20:00	2025-03-02 00:00
old exams mit vemeyi	archive	false	2025-03-02 00:00	2025-03-02 01:00
sleep	sleep	false	2025-03-02 02:00	2025-03-02 08:30
sleep	sleep	false	2025-03-02 08:30	2025-03-02 10:30
ml w04 & w05 & w01 & w02 & w03 & w06 & w07 & w08 & w09 & w10 & w11 & w12 review	archive	false	2025-03-02 11:30	2025-03-02 15:00
facetime borofil	archive	false	2025-03-02 15:00	2025-03-02 16:00
exercises mit vemeyi	archive	false	2025-03-02 17:00	2025-03-02 19:30
kahoots mit vemeyi	archive	false	2025-03-02 19:30	2025-03-02 20:30
ml old exam ws21 review	archive	false	2025-03-02 22:00	2025-03-02 23:30
last prep	archive	false	2025-03-03 00:30	2025-03-03 01:30
sleep	sleep	false	2025-03-03 02:00	2025-03-03 07:30
frühstück	archive	false	2025-03-03 07:30	2025-03-03 08:30
ml EXAM	archive	false	2025-03-03 09:00	2025-03-03 12:00
facetime mom	archive	false	2025-03-03 12:00	2025-03-03 13:00
fdl exam review	archive	false	2025-03-03 13:00	2025-03-03 14:00
run	archive	false	2025-03-03 14:00	2025-03-03 15:00
ffff migration	archive	false	2025-03-03 16:00	2025-03-03 19:00
abendessen	archive	false	2025-03-03 19:00	2025-03-03 21:00
sleep	sleep	false	2025-03-04 02:00	2025-03-04 07:00
sleep	sleep	false	2025-03-04 07:30	2025-03-04 09:30
sleep	sleep	false	2025-03-04 09:30	2025-03-04 11:30
cleaning	archive	false	2025-03-04 12:00	2025-03-04 13:30
mittagessen	archive	false	2025-03-04 13:30	2025-03-04 14:30
laufen mit emma	archive	false	2025-03-04 17:00	2025-03-04 18:00
self care	archive	false	2025-03-04 18:00	2025-03-04 19:00
abendessen	archive	false	2025-03-04 19:00	2025-03-04 20:00
test printer	archive	false	2025-03-04 20:00	2025-03-04 21:00
sleep	sleep	false	2025-03-05 02:30	2025-03-05 07:00
frühstück	archive	false	2025-03-05 07:00	2025-03-05 08:00
groceries	archive	false	2025-03-05 08:00	2025-03-05 10:00
mittagessen	archive	false	2025-03-05 11:30	2025-03-05 13:00
ikea mit timo und dustin	archive	false	2025-03-05 16:00	2025-03-05 18:30
gym	archive	false	2025-03-05 18:30	2025-03-05 19:30
abendessen	archive	false	2025-03-05 20:00	2025-03-05 21:00
sleep	sleep	false	2025-03-06 00:00	2025-03-06 05:00
sleep	sleep	false	2025-03-06 05:00	2025-03-06 07:30
sleep	sleep	false	2025-03-06 07:30	2025-03-06 09:30
tk maxx	archive	false	2025-03-06 10:00	2025-03-06 12:00
mittagessen	archive	false	2025-03-06 12:30	2025-03-06 13:30
calsta	archive	false	2025-03-06 14:30	2025-03-06 16:00
facetime borofil	archive	false	2025-03-06 16:00	2025-03-06 17:00
groceries	archive	false	2025-03-06 17:00	2025-03-06 18:00
nrc 10k w1 recovery run	archive	false	2025-03-06 18:00	2025-03-06 19:00
abendessen	archive	false	2025-03-06 19:30	2025-03-06 20:30
banana bread gluten free & vegan smooth & experimental 	archive	false	2025-03-06 20:30	2025-03-07 00:00
banana bread rescue mission	archive	false	2025-03-07 00:00	2025-03-07 02:00
sleep	sleep	false	2025-03-07 03:30	2025-03-07 08:30
frühstück	archive	false	2025-03-07 09:00	2025-03-07 10:00
dbis plan	archive	false	2025-03-07 10:00	2025-03-07 11:00
dbis lecture 1 indexing	archive	false	2025-03-07 11:00	2025-03-07 14:00
mittagessen	archive	false	2025-03-07 14:00	2025-03-07 15:00
dbis lecture 2 ranking	archive	false	2025-03-07 15:00	2025-03-07 18:00
facetime borofil	archive	false	2025-03-07 18:00	2025-03-07 19:00
abendessen at pins	archive	false	2025-03-07 19:00	2025-03-07 20:30
sleep	sleep	false	2025-03-08 00:00	2025-03-08 04:30
dbis lecture 2 ranking	archive	false	2025-03-08 05:30	2025-03-08 06:30
rewe	archive	false	2025-03-08 07:00	2025-03-08 08:00
facetime baba	archive	false	2025-03-08 08:00	2025-03-08 09:00
laufen mit emma	archive	false	2025-03-08 09:00	2025-03-08 11:00
frühstück	archive	false	2025-03-08 11:00	2025-03-08 12:00
facetime anne & babanne	archive	false	2025-03-08 12:00	2025-03-08 13:00
dbis lecture 3 db basics	archive	false	2025-03-08 16:00	2025-03-08 18:00
abendessen	archive	false	2025-03-08 18:00	2025-03-08 20:00
sleep	sleep	false	2025-03-09 01:00	2025-03-09 06:30
sleep	sleep	false	2025-03-09 06:30	2025-03-09 08:00
sleep	sleep	false	2025-03-09 08:00	2025-03-09 09:00
dbis lecture 3 db basics	archive	false	2025-03-09 09:00	2025-03-09 10:00
frühstück	archive	false	2025-03-09 10:00	2025-03-09 11:00
dbis lecture 4 joins	archive	false	2025-03-09 12:00	2025-03-09 14:00
nrc 10k w1 recovery run	archive	false	2025-03-09 14:00	2025-03-09 15:00
gym m vemeyi	archive	false	2025-03-09 15:00	2025-03-09 16:00
abendessen	archive	false	2025-03-09 16:00	2025-03-09 17:00
sleep	sleep	false	2025-03-09 18:30	2025-03-09 20:00
dbis lecture 5 more sql	archive	false	2025-03-09 20:00	2025-03-09 23:00
sleep	sleep	false	2025-03-10 02:30	2025-03-10 08:00
frühstück	archive	false	2025-03-10 08:00	2025-03-10 09:00
dbis lecture 6 sparql	archive	false	2025-03-10 10:00	2025-03-10 12:00
mittagessen	archive	false	2025-03-10 12:00	2025-03-10 13:00
dbis lecture 6 sparql	archive	false	2025-03-10 14:00	2025-03-10 15:30
coffee break	archive	false	2025-03-10 15:30	2025-03-10 16:30
dbis lecture 7 fuzzy search	archive	false	2025-03-10 17:30	2025-03-10 19:00
abendessen	archive	false	2025-03-10 19:30	2025-03-10 20:30
facetime borofil	archive	false	2025-03-10 20:30	2025-03-10 21:30
dbis lecture 7 fuzzy search	archive	false	2025-03-10 23:00	2025-03-11 00:00
dbis lecture 7 fuzzy search	archive	false	2025-03-11 00:00	2025-03-11 01:00
sleep	sleep	false	2025-03-11 01:30	2025-03-11 04:30
sleep	sleep	false	2025-03-11 04:30	2025-03-11 08:00
nrc 10k w1 speed run	archive	false	2025-03-11 08:00	2025-03-11 09:00
frühstück	archive	false	2025-03-11 09:00	2025-03-11 10:00
dbis lecture 7 fuzzy search	archive	false	2025-03-11 10:00	2025-03-11 11:00
mittagessen	archive	false	2025-03-11 11:30	2025-03-11 12:30
dbis lecture 8 web app 1	archive	false	2025-03-11 13:00	2025-03-11 15:00
mate break	archive	false	2025-03-11 15:00	2025-03-11 16:00
dbis lecture 8 web app 1	archive	false	2025-03-11 16:00	2025-03-11 18:00
groceries	archive	false	2025-03-11 18:00	2025-03-11 19:00
abendessen	archive	false	2025-03-11 19:00	2025-03-11 20:00
dbis lecture 9 web app 2	archive	false	2025-03-11 23:00	2025-03-12 00:00
sleep	sleep	false	2025-03-12 00:00	2025-03-12 05:00
sleep	sleep	false	2025-03-12 05:00	2025-03-12 08:00
dbis lecture 9 web app 2	archive	false	2025-03-12 08:00	2025-03-12 09:00
frühstück	archive	false	2025-03-12 09:00	2025-03-12 10:00
dbis lecture 10 vectors	archive	false	2025-03-12 10:00	2025-03-12 11:00
mittagessen (mensa)	archive	false	2025-03-12 11:30	2025-03-12 12:30
dbis lecture 10 vectors	archive	false	2025-03-12 14:00	2025-03-12 15:00
sleep	sleep	false	2025-03-12 15:00	2025-03-12 16:00
abendessen	archive	false	2025-03-12 19:00	2025-03-12 20:00
sleep	sleep	false	2025-03-13 01:30	2025-03-13 08:00
dbis lecture 11 ml	archive	false	2025-03-13 08:00	2025-03-13 09:00
self care	archive	false	2025-03-13 09:00	2025-03-13 10:00
frühstück	archive	false	2025-03-13 10:00	2025-03-13 11:00
dbis lecture 11 ml	archive	false	2025-03-13 11:00	2025-03-13 13:00
mittagessen	archive	false	2025-03-13 13:00	2025-03-13 14:00
dbis lecture 12 llms	archive	false	2025-03-13 16:00	2025-03-13 18:00
dbis lecture 12 llms	archive	false	2025-03-13 19:00	2025-03-13 20:00
abendessen	archive	false	2025-03-13 20:00	2025-03-13 21:00
dbis lecture 13 exam	archive	false	2025-03-13 21:00	2025-03-14 00:00
sleep	sleep	false	2025-03-14 01:00	2025-03-14 02:30
sleep	sleep	false	2025-03-14 02:30	2025-03-14 08:00
dbis solve old exam ws 23/24 	archive	false	2025-03-14 09:00	2025-03-14 11:30
mittagessen	archive	false	2025-03-14 11:30	2025-03-14 12:30
nrc inspired run	archive	false	2025-03-14 17:00	2025-03-14 18:00
abendessen	archive	false	2025-03-14 18:00	2025-03-14 19:00
dbis solve old exam ws 23/24 retake	archive	false	2025-03-14 19:00	2025-03-14 22:00
sleep	sleep	false	2025-03-15 01:30	2025-03-15 03:00
sleep	sleep	false	2025-03-15 03:00	2025-03-15 08:00
groceries	archive	false	2025-03-15 10:00	2025-03-15 11:00
dbis exercise 1	archive	false	2025-03-15 12:30	2025-03-15 13:30
dbis exercise 2	archive	false	2025-03-15 15:00	2025-03-15 16:00
dbis exercise 3	archive	false	2025-03-15 16:00	2025-03-15 17:00
abendessen	archive	false	2025-03-15 17:00	2025-03-15 18:00
dbis exercise 4	archive	false	2025-03-15 18:00	2025-03-15 19:00
dbis exercise 5	archive	false	2025-03-15 19:00	2025-03-15 20:00
dbis exercise 6	archive	false	2025-03-15 20:00	2025-03-15 21:00
sleep	sleep	false	2025-03-16 01:30	2025-03-16 08:00
frühstück - pasta prep	archive	false	2025-03-16 08:00	2025-03-16 09:30
dbis exercise 7	archive	false	2025-03-16 10:00	2025-03-16 11:00
dbis exercise 8	archive	false	2025-03-16 11:00	2025-03-16 12:00
abendessen - bacon egg maultaschen	archive	false	2025-03-16 16:00	2025-03-16 17:00
dbis exercise 9	archive	false	2025-03-16 18:00	2025-03-16 19:00
dbis exercise 10	archive	false	2025-03-16 19:00	2025-03-16 20:00
dbis exercise 11	archive	false	2025-03-16 20:00	2025-03-16 21:00
dbis exercise 12	archive	false	2025-03-16 21:00	2025-03-16 22:00
sleep	sleep	false	2025-03-17 00:30	2025-03-17 02:30
sleep	sleep	false	2025-03-17 02:30	2025-03-17 08:00
sleep	sleep	false	2025-03-17 08:00	2025-03-17 09:00
dbis solve old exam ws 23/24 retake	archive	false	2025-03-17 09:00	2025-03-17 11:00
frühstück	archive	false	2025-03-17 11:00	2025-03-17 12:00
dbis slide review 1-6	archive	false	2025-03-17 12:00	2025-03-17 15:00
dbis slide review 7-10	archive	false	2025-03-17 15:00	2025-03-17 18:00
abendessen - pasta	archive	false	2025-03-17 18:00	2025-03-17 19:00
dbis slide review 10-12	archive	false	2025-03-17 19:00	2025-03-17 21:00
dbis solve old exam ws22/23 if	archive	false	2025-03-17 22:00	2025-03-18 00:00
dbis solve old exam ws21/22 if	archive	false	2025-03-18 00:00	2025-03-18 01:00
dbis solve old exam ws19/20 if	archive	false	2025-03-18 01:00	2025-03-18 02:00
sleep	sleep	false	2025-03-18 02:30	2025-03-18 08:30
prepare cheat sheet	archive	false	2025-03-18 09:00	2025-03-18 13:00
dbis EXAM	archive	false	2025-03-18 14:00	2025-03-18 17:00
groceries - baking powder & baking soda	archive	false	2025-03-18 17:00	2025-03-18 18:00
nrc 10k w1 recovery run	archive	false	2025-03-18 18:00	2025-03-18 19:00
abendessen	archive	false	2025-03-18 19:00	2025-03-18 20:00
wg meeting	archive	false	2025-03-18 20:00	2025-03-18 21:00
banana bread vegan & normal	archive	false	2025-03-18 22:00	2025-03-19 00:00
banana bread vegan & normal	archive	false	2025-03-19 00:00	2025-03-19 02:00
sleep	sleep	false	2025-03-19 03:30	2025-03-19 07:30
sleep	sleep	false	2025-03-19 08:00	2025-03-19 09:00
nrc 10k w1 long run	archive	false	2025-03-19 09:00	2025-03-19 10:00
gym m vemeyi	archive	false	2025-03-19 10:00	2025-03-19 11:00
pasta prep	archive	false	2025-03-19 11:00	2025-03-19 12:30
mittagessen mit vemeyi	archive	false	2025-03-19 13:00	2025-03-19 14:00
ps plan	archive	false	2025-03-19 14:00	2025-03-19 15:00
ps e01 resolve	archive	false	2025-03-19 15:00	2025-03-19 16:00
ps e02 resolve	archive	false	2025-03-19 16:00	2025-03-19 17:00
ps e03 resolve	archive	false	2025-03-19 17:00	2025-03-19 18:00
ps plan	archive	false	2025-03-19 18:00	2025-03-19 19:00
sleep	sleep	false	2025-03-20 01:00	2025-03-20 08:00
ps submissions clean up	archive	false	2025-03-20 08:00	2025-03-20 09:30
ps e04 resolve	archive	false	2025-03-20 10:30	2025-03-20 12:00
mittagessen mit vemeyi	archive	false	2025-03-20 12:00	2025-03-20 13:00
ps e05 resolve	archive	false	2025-03-20 13:00	2025-03-20 15:00
coffee break mit veayzer	archive	false	2025-03-20 15:00	2025-03-20 16:00
abendessen	archive	false	2025-03-20 17:00	2025-03-20 18:00
ps exercises latex	archive	false	2025-03-20 21:00	2025-03-20 22:00
sleep	sleep	false	2025-03-21 01:30	2025-03-21 08:00
nrc 10k w2 recovery run	archive	false	2025-03-21 08:00	2025-03-21 09:00
cleaning	archive	false	2025-03-21 09:00	2025-03-21 10:00
ps exercises latex	archive	false	2025-03-21 10:00	2025-03-21 11:30
mittagessen mit vemeyi	archive	false	2025-03-21 12:00	2025-03-21 13:00
ps e05 resolve	archive	false	2025-03-21 13:00	2025-03-21 14:00
coffee break mit veayzer	archive	false	2025-03-21 14:00	2025-03-21 15:00
ps e05 resolve	archive	false	2025-03-21 15:00	2025-03-21 16:00
lidl & printer mit zerdag	archive	false	2025-03-21 17:00	2025-03-21 18:00
abendessen	archive	false	2025-03-21 19:00	2025-03-21 20:00
fourf	archive	false	2025-03-21 20:00	2025-03-21 21:00
sleep	sleep	false	2025-03-22 01:00	2025-03-22 07:30
sleep	sleep	false	2025-03-22 07:30	2025-03-22 09:00
nrc 10k w2 recovery run	archive	false	2025-03-22 09:00	2025-03-22 10:00
cleaning	archive	false	2025-03-22 10:00	2025-03-22 11:00
frühstück	archive	false	2025-03-22 11:00	2025-03-22 12:00
handyhuellen return	archive	false	2025-03-22 12:00	2025-03-22 13:00
beer @ seepark	archive	false	2025-03-22 13:00	2025-03-22 14:00
mittagessen	archive	false	2025-03-22 14:00	2025-03-22 15:00
sleep	sleep	false	2025-03-22 17:00	2025-03-22 18:00
sleep	sleep	false	2025-03-23 02:00	2025-03-23 08:00
sleep	sleep	false	2025-03-23 08:00	2025-03-23 09:00
nrc 10k w2 speed run	archive	false	2025-03-23 09:30	2025-03-23 11:00
frühstück	archive	false	2025-03-23 11:00	2025-03-23 12:00
ps exam class latex	archive	false	2025-03-23 15:00	2025-03-23 17:00
abendessen	archive	false	2025-03-23 17:00	2025-03-23 18:00
sleep	sleep	false	2025-03-24 00:30	2025-03-24 08:00
ps watch statquest	archive	false	2025-03-24 08:00	2025-03-24 11:00
mittagessen	archive	false	2025-03-24 11:00	2025-03-24 12:00
ps watch statquest	archive	false	2025-03-24 13:00	2025-03-24 18:00
abendessen	archive	false	2025-03-24 19:00	2025-03-24 20:00
sleep	sleep	false	2025-03-25 01:30	2025-03-25 08:00
frühstück	archive	false	2025-03-25 09:00	2025-03-25 10:00
ps e06 resolve	archive	false	2025-03-25 10:00	2025-03-25 11:00
ps e07 resolve	archive	false	2025-03-25 12:30	2025-03-25 15:00
ps e08 resolve	archive	false	2025-03-25 15:00	2025-03-25 17:00
ps e09 resolve	archive	false	2025-03-25 17:00	2025-03-25 19:00
abendessen	archive	false	2025-03-25 19:00	2025-03-25 20:00
ps e10 resolve	archive	false	2025-03-25 20:30	2025-03-25 22:00
sleep	sleep	false	2025-03-26 01:30	2025-03-26 04:00
sleep	sleep	false	2025-03-26 04:00	2025-03-26 07:00
sleep	sleep	false	2025-03-26 07:00	2025-03-26 08:00
frühstück	archive	false	2025-03-26 08:30	2025-03-26 09:30
ps s01	archive	false	2025-03-26 10:30	2025-03-26 11:30
ps s02	archive	false	2025-03-26 11:30	2025-03-26 12:30
ps s03	archive	false	2025-03-26 12:30	2025-03-26 13:30
ps s04	archive	false	2025-03-26 13:30	2025-03-26 14:30
ps s05	archive	false	2025-03-26 14:30	2025-03-26 15:30
ps s06	archive	false	2025-03-26 15:30	2025-03-26 16:30
ps s07	archive	false	2025-03-26 16:30	2025-03-26 17:30
ps s08	archive	false	2025-03-26 17:30	2025-03-26 18:30
ps s09	archive	false	2025-03-26 19:00	2025-03-26 20:00
sleep	sleep	false	2025-03-27 01:00	2025-03-27 07:00
sleep	sleep	false	2025-03-27 07:00	2025-03-27 08:00
sleep	sleep	false	2025-03-27 08:00	2025-03-27 09:00
frühstück	archive	false	2025-03-27 09:00	2025-03-27 10:00
ps s10	archive	false	2025-03-27 10:00	2025-03-27 11:00
ps s11	archive	false	2025-03-27 12:00	2025-03-27 13:00
ps s12	archive	false	2025-03-27 13:00	2025-03-27 14:00
ps s13	archive	false	2025-03-27 15:00	2025-03-27 16:00
abendessen	archive	false	2025-03-27 16:00	2025-03-27 17:00
ps exam session & ws1516	archive	false	2025-03-27 18:00	2025-03-27 19:00
ps prep cheat sheet 	archive	false	2025-03-27 21:00	2025-03-28 00:00
sleep	sleep	false	2025-03-28 02:30	2025-03-28 07:30
ps EXAM	archive	false	2025-03-28 09:00	2025-03-28 12:00
run	archive	false	2025-03-28 13:00	2025-03-28 14:30
cleaning	archive	false	2025-03-28 14:30	2025-03-28 15:30
groceries	archive	false	2025-03-28 16:30	2025-03-28 17:30
abendessen	archive	false	2025-03-28 17:30	2025-03-28 20:30
sleep	sleep	false	2025-03-29 02:00	2025-03-29 05:00
sleep	sleep	false	2025-03-29 05:00	2025-03-29 07:00
gym	archive	false	2025-03-29 07:00	2025-03-29 08:00
esn running	archive	false	2025-03-29 09:00	2025-03-29 10:00
self care	archive	false	2025-03-29 10:00	2025-03-29 11:00
frühstück & radio tax	archive	false	2025-03-29 11:00	2025-03-29 12:00
maltepe miting live	archive	false	2025-03-29 12:00	2025-03-29 13:00
buy wine & chocolate	archive	false	2025-03-29 13:00	2025-03-29 14:30
forge - build threew	archive	false	2025-03-29 15:00	2025-03-29 18:00
abendessen	archive	false	2025-03-29 19:00	2025-03-29 20:00
fourf	archive	false	2025-03-29 23:00	2025-03-30 00:00
sleep	sleep	false	2025-03-30 04:00	2025-03-30 08:00
sleep	sleep	false	2025-03-30 08:00	2025-03-30 10:00
frühstück	archive	false	2025-03-30 10:00	2025-03-30 11:00
cleaning	archive	false	2025-03-30 12:00	2025-03-30 15:00
build threew	archive	false	2025-03-30 15:00	2025-03-30 17:30
abendessen	archive	false	2025-03-30 17:30	2025-03-30 18:30
course booking	archive	false	2025-03-31 00:00	2025-03-31 02:30
sleep	sleep	false	2025-03-31 03:00	2025-03-31 07:00
sleep	sleep	false	2025-03-31 07:00	2025-03-31 10:00
mittagessen	archive	false	2025-03-31 11:30	2025-03-31 12:30
german	archive	false	2025-03-31 16:00	2025-03-31 18:00
abendessen	archive	false	2025-03-31 18:00	2025-03-31 19:00
bananenbrot	archive	false	2025-03-31 19:00	2025-03-31 23:00
sleep	sleep	false	2025-04-01 01:30	2025-04-01 06:00
sleep	sleep	false	2025-04-01 06:30	2025-04-01 08:00
sleep	sleep	false	2025-04-01 08:00	2025-04-01 10:00
frühstück	archive	false	2025-04-01 10:00	2025-04-01 11:00
laufen mit emma	archive	false	2025-04-01 11:00	2025-04-01 12:30
self care	archive	false	2025-04-01 13:00	2025-04-01 15:00
mittagessen	archive	false	2025-04-01 15:00	2025-04-01 16:00
abendessen	archive	false	2025-04-01 18:30	2025-04-01 20:00
sleep	sleep	false	2025-04-02 03:00	2025-04-02 07:00
groceries	archive	false	2025-04-02 07:00	2025-04-02 08:00
frühstück	archive	false	2025-04-02 08:00	2025-04-02 09:00
apis placement test	archive	false	2025-04-02 09:00	2025-04-02 11:00
nrc 10k w2 long run	archive	false	2025-04-02 11:30	2025-04-02 13:00
mittagessen	archive	false	2025-04-02 13:00	2025-04-02 14:00
wg shopping mit thilo	archive	false	2025-04-02 14:00	2025-04-02 15:30
eis mit wg	archive	false	2025-04-02 16:00	2025-04-02 17:00
fourf	archive	false	2025-04-02 18:00	2025-04-02 19:00
abendessen	archive	false	2025-04-02 21:00	2025-04-02 22:30
build threew - hide buttons	archive	false	2025-04-02 23:00	2025-04-03 00:00
sleep	sleep	false	2025-04-03 01:00	2025-04-03 03:00
sleep	sleep	false	2025-04-03 03:00	2025-04-03 07:00
warmup	archive	false	2025-04-03 07:00	2025-04-03 08:00
frühstück	archive	false	2025-04-03 08:00	2025-04-03 09:00
apis intensivekurs tag 1	archive	false	2025-04-03 09:00	2025-04-03 10:30
apis intensivekurs tag 1	archive	false	2025-04-03 11:00	2025-04-03 12:30
nrc 10k w3 recovery run	archive	false	2025-04-03 13:00	2025-04-03 14:45
mittagessen	archive	false	2025-04-03 15:00	2025-04-03 16:00
tagesschau	archive	false	2025-04-03 20:00	2025-04-03 21:00
dosyalama	archive	false	2025-04-03 21:00	2025-04-03 22:00
abendessen	archive	false	2025-04-03 22:30	2025-04-03 23:30
build threew - date picker	archive	false	2025-04-04 00:00	2025-04-04 01:00
sleep	sleep	false	2025-04-04 02:00	2025-04-04 07:30
frühstück	archive	false	2025-04-04 08:00	2025-04-04 09:00
apis intensivekurs tag 2	archive	false	2025-04-04 09:00	2025-04-04 10:30
apis intensivekurs tag 2	archive	false	2025-04-04 11:00	2025-04-04 12:30
mittagessen	archive	false	2025-04-04 12:30	2025-04-04 13:30
ml exam review	archive	false	2025-04-04 13:30	2025-04-04 15:00
sleep	sleep	false	2025-04-04 16:00	2025-04-04 17:00
abendessen	archive	false	2025-04-04 17:00	2025-04-04 19:00
tagesschau	archive	false	2025-04-04 20:00	2025-04-04 21:00
bananenbrot	archive	false	2025-04-04 22:00	2025-04-05 00:00
sleep	sleep	false	2025-04-05 02:00	2025-04-05 08:00
nrc 10k w3 recovery run	archive	false	2025-04-05 08:00	2025-04-05 10:00
frühstück	archive	false	2025-04-05 10:00	2025-04-05 12:00
wg tasks sheet	archive	false	2025-04-05 13:00	2025-04-05 14:00
groceries	archive	false	2025-04-05 20:00	2025-04-05 21:00
99 luftballons übersetzung	archive	false	2025-04-05 21:00	2025-04-05 23:00
elon musk	archive	false	2025-04-06 00:00	2025-04-06 01:00
sleep	sleep	false	2025-04-06 02:30	2025-04-06 08:00
frühstück	archive	false	2025-04-06 08:00	2025-04-06 09:00
rückblick tag 1	archive	false	2025-04-06 09:00	2025-04-06 13:00
rückblick tag 1	archive	false	2025-04-06 14:00	2025-04-06 16:30
rückblick tag 2	archive	false	2025-04-06 16:30	2025-04-06 19:00
threew tag 1 	archive	false	2025-04-06 19:00	2025-04-06 20:00
tagesschau + tatort	archive	false	2025-04-06 20:00	2025-04-06 22:00
threew tag 2	archive	false	2025-04-06 21:00	2025-04-06 22:00
die discounter mit janlo	archive	false	2025-04-06 22:00	2025-04-06 23:30
threew 99 luftballons	archive	false	2025-04-07 00:00	2025-04-07 01:00
threew f - statistics	archive	false	2025-04-07 01:00	2025-04-07 02:00
sleep	sleep	false	2025-04-07 02:00	2025-04-07 07:45
frühstück	archive	false	2025-04-07 08:00	2025-04-07 09:00
apis intensivekurs tag 3	archive	false	2025-04-07 09:00	2025-04-07 10:30
apis intensivekurs tag 3	archive	false	2025-04-07 11:00	2025-04-07 12:30
mittagessen @ tf mensa	archive	false	2025-04-07 12:30	2025-04-07 13:30
groceries	archive	false	2025-04-07 13:30	2025-04-07 14:30
fours - enter expenses	archive	false	2025-04-07 14:30	2025-04-07 15:30
nrc 10k w3 speed run	archive	false	2025-04-07 15:30	2025-04-07 17:00
rückblick tag 3	archive	false	2025-04-07 18:00	2025-04-07 19:00
abendessen	archive	false	2025-04-07 19:00	2025-04-07 20:00
rückblick tag 3	archive	false	2025-04-07 20:00	2025-04-07 22:00
rückblick tag 3	archive	false	2025-04-08 00:00	2025-04-08 01:00
sleep	sleep	false	2025-04-08 01:00	2025-04-08 07:00
hochschulsport sportangebot buchen	archive	false	2025-04-08 07:00	2025-04-08 08:30
apis intensivekurs tag 4	archive	false	2025-04-08 09:00	2025-04-08 10:30
apis intensivekurs tag 4	archive	false	2025-04-08 11:00	2025-04-08 12:30
barmer ta7	archive	false	2025-04-08 12:30	2025-04-08 13:30
mittagessen	archive	false	2025-04-08 14:00	2025-04-08 15:00
facetime envkap	archive	false	2025-04-08 15:00	2025-04-08 16:00
sleep	sleep	false	2025-04-08 16:30	2025-04-08 18:30
abendessen & tagesschau	archive	false	2025-04-08 20:00	2025-04-08 21:00
rückblick tag 4	archive	false	2025-04-08 22:00	2025-04-09 00:00
rückblick tag 4	archive	false	2025-04-09 00:00	2025-04-09 02:30
sleep	sleep	false	2025-04-09 03:30	2025-04-09 08:00
frühstück	archive	false	2025-04-09 08:00	2025-04-09 09:00
apis intensivekurs tag 5	archive	false	2025-04-09 09:00	2025-04-09 10:30
apis intensivekurs tag 5	archive	false	2025-04-09 11:00	2025-04-09 12:30
mittagessen	archive	false	2025-04-09 13:00	2025-04-09 14:00
rückblick tag 5	archive	false	2025-04-09 14:00	2025-04-09 16:00
rückblick tag 3	archive	false	2025-04-09 16:00	2025-04-09 17:00
threew tag 3	archive	false	2025-04-09 18:30	2025-04-09 19:30
groceries	archive	false	2025-04-09 20:00	2025-04-09 21:00
abendessen	archive	false	2025-04-09 21:00	2025-04-09 22:00
chilling m framat	archive	false	2025-04-09 22:00	2025-04-09 23:30
sleep	sleep	false	2025-04-10 01:30	2025-04-10 07:30
frühstück	archive	false	2025-04-10 08:00	2025-04-10 09:00
apis intensivekurs tag 6	archive	false	2025-04-10 09:00	2025-04-10 10:30
apis intensivekurs tag 6	archive	false	2025-04-10 11:00	2025-04-10 12:30
rückblick tag 6	archive	false	2025-04-10 13:00	2025-04-10 15:00
keynote für mats	archive	false	2025-04-10 15:30	2025-04-10 16:30
nrc 10k w3 recovery run	archive	false	2025-04-10 17:00	2025-04-10 18:00
keynote für mats	archive	false	2025-04-10 18:00	2025-04-10 22:00
presenting the keynote	archive	false	2025-04-10 22:00	2025-04-10 23:00
bananenbrot backen mit thilo	archive	false	2025-04-10 23:00	2025-04-11 00:00
cleaning	archive	false	2025-04-11 00:00	2025-04-11 02:00
sleep	sleep	false	2025-04-11 03:30	2025-04-11 08:00
frühstück	archive	false	2025-04-11 08:00	2025-04-11 09:00
apis intensivekurs tag 7	archive	false	2025-04-11 09:00	2025-04-11 10:30
apis intensivekurs tag 7	archive	false	2025-04-11 11:00	2025-04-11 12:30
mittagessen	archive	false	2025-04-11 12:30	2025-04-11 14:00
nrc 10k w3 long run	archive	false	2025-04-11 16:00	2025-04-11 17:30
facetime borofil	archive	false	2025-04-11 18:00	2025-04-11 19:00
abendessen	archive	false	2025-04-11 19:00	2025-04-11 20:00
rückblick tag 7	archive	false	2025-04-11 22:00	2025-04-11 23:00
sleep	sleep	false	2025-04-12 00:30	2025-04-12 07:30
rückblick tag 4	archive	false	2025-04-12 08:00	2025-04-12 09:00
frühstück	archive	false	2025-04-12 09:00	2025-04-12 10:00
rückblick tag 4	archive	false	2025-04-12 10:00	2025-04-12 12:00
sleep	sleep	false	2025-04-12 12:00	2025-04-12 13:00
rückblick tag 4	archive	false	2025-04-12 13:00	2025-04-12 15:00
groceries	archive	false	2025-04-12 15:00	2025-04-12 16:00
nrc 10k w4 recovery run	archive	false	2025-04-12 16:00	2025-04-12 17:00
abendessen kochen	archive	false	2025-04-12 18:00	2025-04-12 19:00
threew tag 4	archive	false	2025-04-12 20:15	2025-04-12 21:30
threew tag 4	archive	false	2025-04-12 23:00	2025-04-13 00:00
sleep	sleep	false	2025-04-13 01:30	2025-04-13 07:30
frühstück	archive	false	2025-04-13 08:00	2025-04-13 09:00
threew b - searchable	archive	false	2025-04-13 09:00	2025-04-13 10:00
warmup	archive	false	2025-04-13 10:00	2025-04-13 11:00
lavender run club 5k	archive	false	2025-04-13 11:30	2025-04-13 13:00
rückblick & threew tag 5	archive	false	2025-04-13 14:30	2025-04-13 18:00
rückblick & threew tag 6 & 7	archive	false	2025-04-13 18:00	2025-04-13 19:30
tagesschau + tatort + abendessen	archive	false	2025-04-13 20:00	2025-04-13 21:00
beer mit wg	archive	false	2025-04-13 21:30	2025-04-14 00:00
ta7 mail	archive	false	2025-04-14 01:00	2025-04-14 02:00
sleep	sleep	false	2025-04-14 02:30	2025-04-14 06:30
sleep	sleep	false	2025-04-14 06:30	2025-04-14 08:00
sleep	sleep	false	2025-04-14 08:00	2025-04-14 09:00
elon musk	archive	false	2025-04-14 09:00	2025-04-14 10:00
deutsch lernen	archive	false	2025-04-14 10:30	2025-04-14 11:30
threewed	archive	false	2025-04-14 12:00	2025-04-14 13:00
mittagessen	archive	false	2025-04-14 13:00	2025-04-14 14:00
nrc 10k w4 recovery run	archive	false	2025-04-14 17:00	2025-04-14 19:00
abendessen	archive	false	2025-04-14 19:00	2025-04-14 20:00
facetime borofil	archive	false	2025-04-14 20:00	2025-04-14 21:00
sbo website	archive	false	2025-04-14 22:00	2025-04-15 00:00
threew f - help & legal	archive	false	2025-04-15 00:00	2025-04-15 01:00
sleep	sleep	false	2025-04-15 01:30	2025-04-15 08:00
sleep	sleep	false	2025-04-15 08:00	2025-04-15 09:30
elon musk	archive	false	2025-04-15 10:00	2025-04-15 11:00
deutsch lernen	archive	false	2025-04-15 11:30	2025-04-15 12:30
threewed	archive	false	2025-04-15 12:30	2025-04-15 13:30
tf general intro	archive	false	2025-04-15 14:00	2025-04-15 16:00
read tf mail nextcloud	archive	false	2025-04-15 16:00	2025-04-15 17:00
share threew	archive	false	2025-04-15 17:00	2025-04-15 18:00
register to crc1597 workshop	archive	false	2025-04-15 18:00	2025-04-15 19:00
groceries	archive	false	2025-04-15 19:00	2025-04-15 20:00
read mails	archive	false	2025-04-15 20:00	2025-04-15 21:00
abendessen	archive	false	2025-04-15 21:00	2025-04-15 22:00
brief an emma	archive	false	2025-04-16 00:00	2025-04-16 01:00
sleep	sleep	false	2025-04-16 01:00	2025-04-16 06:00
elon musk	archive	false	2025-04-16 07:00	2025-04-16 08:00
brief an emma	archive	false	2025-04-16 08:00	2025-04-16 09:00
nrc 10k w4 speed run	archive	false	2025-04-16 09:00	2025-04-16 10:00
groceries	archive	false	2025-04-16 10:00	2025-04-16 11:00
frühstück	archive	false	2025-04-16 11:00	2025-04-16 12:00
sleep	sleep	false	2025-04-16 12:30	2025-04-16 14:00
cs intro	archive	false	2025-04-16 14:00	2025-04-16 15:30
hackathon	archive	false	2025-04-16 16:00	2025-04-16 17:30
abendessen	archive	false	2025-04-16 18:00	2025-04-16 19:00
brief an emma	archive	false	2025-04-16 21:00	2025-04-17 00:00
brief an emma	archive	false	2025-04-17 00:00	2025-04-17 01:30
sleep	sleep	false	2025-04-17 01:30	2025-04-17 08:00
sleep	sleep	false	2025-04-17 08:00	2025-04-17 09:00
elon musk	archive	false	2025-04-17 09:00	2025-04-17 10:00
nrc 10k w4 recovery run	archive	false	2025-04-17 10:00	2025-04-17 11:00
brief an emma	archive	false	2025-04-17 11:00	2025-04-17 12:00
collect intensivkurs certificate	archive	false	2025-04-17 12:00	2025-04-17 13:00
mittagessen mit erkitun	archive	false	2025-04-17 13:00	2025-04-17 14:00
swfr office hours	archive	false	2025-04-17 14:00	2025-04-17 15:00
sleep	sleep	false	2025-04-17 15:30	2025-04-17 17:00
brief an emma	archive	false	2025-04-17 17:00	2025-04-17 18:00
swim @ westbad	archive	false	2025-04-17 18:00	2025-04-17 19:00
pins kitchen gc	archive	false	2025-04-17 19:00	2025-04-17 20:00
abendessen	archive	false	2025-04-17 20:00	2025-04-17 21:00
brief an emma	archive	false	2025-04-17 21:00	2025-04-17 22:00
karaoke falkenberger	archive	false	2025-04-17 22:00	2025-04-18 00:00
brief an emma	archive	false	2025-04-18 02:00	2025-04-18 03:00
sleep	sleep	false	2025-04-18 03:00	2025-04-18 06:00
sleep	sleep	false	2025-04-18 06:00	2025-04-18 08:00
sleep	sleep	false	2025-04-18 08:00	2025-04-18 09:00
frühstück	archive	false	2025-04-18 09:00	2025-04-18 10:00
brief an emma	archive	false	2025-04-18 10:00	2025-04-18 14:00
nrc 10k w4 long run	archive	false	2025-04-18 14:00	2025-04-18 16:00
abendessen	archive	false	2025-04-18 16:00	2025-04-18 17:00
elon musk	archive	false	2025-04-18 17:00	2025-04-18 19:00
tagesschau + discounter mit emma	archive	false	2025-04-18 20:00	2025-04-18 22:00
clean wall sticky notes	archive	false	2025-04-18 23:00	2025-04-19 00:00
sleep	sleep	false	2025-04-19 01:00	2025-04-19 06:30
frühstück	archive	false	2025-04-19 08:00	2025-04-19 09:00
groceries	archive	false	2025-04-19 09:00	2025-04-19 10:00
facetime borofil	archive	false	2025-04-19 10:00	2025-04-19 11:00
zurich plan mit emikar	archive	false	2025-04-19 11:00	2025-04-19 12:00
wp number switch	archive	false	2025-04-19 12:00	2025-04-19 13:00
wp archive every convo	archive	false	2025-04-19 13:00	2025-04-19 14:00
abendessen mit turks	archive	false	2025-04-19 19:00	2025-04-19 21:30
bananenbrot backen	archive	false	2025-04-19 22:00	2025-04-20 00:00
deutsch lernen	archive	false	2025-04-20 00:00	2025-04-20 01:00
sleep	sleep	false	2025-04-20 03:00	2025-04-20 08:00
elon musk	archive	false	2025-04-20 08:00	2025-04-20 09:00
frühstück mit emma	archive	false	2025-04-20 09:00	2025-04-20 10:00
warmup mit emma	archive	false	2025-04-20 10:00	2025-04-20 11:00
lavender run club 8k mit emma	archive	false	2025-04-20 11:30	2025-04-20 13:00
analyse lectures	archive	false	2025-04-20 15:00	2025-04-20 17:00
read 1 paper	archive	false	2025-04-20 17:00	2025-04-20 18:30
abendessen	archive	false	2025-04-20 19:00	2025-04-20 21:00
sleep	sleep	false	2025-04-21 00:30	2025-04-21 06:00
sleep	sleep	false	2025-04-21 06:00	2025-04-21 07:00
sleep	sleep	false	2025-04-21 07:00	2025-04-21 08:00
frühstück	archive	false	2025-04-21 08:00	2025-04-21 09:00
 wandern mit emma 	archive	false	2025-04-21 09:00	2025-04-21 16:00
lazagne mit emma	archive	false	2025-04-21 17:30	2025-04-21 19:00
quality time mit der wg	archive	false	2025-04-21 19:00	2025-04-21 22:00
fourf	archive	false	2025-04-21 23:00	2025-04-22 00:00
sleep	sleep	false	2025-04-22 01:00	2025-04-22 05:30
sleep	sleep	false	2025-04-22 05:30	2025-04-22 07:00
morgenkurs A2.2	archive	false	2025-04-22 08:30	2025-04-22 10:00
ub deutsch rückblick tag 1	archive	false	2025-04-22 10:30	2025-04-22 11:30
ipcp - l	archive	false	2025-04-22 12:00	2025-04-22 14:00
automl - l	archive	false	2025-04-22 14:00	2025-04-22 16:00
muller dosya	archive	false	2025-04-22 16:00	2025-04-22 17:00
abendessen	archive	false	2025-04-22 18:00	2025-04-22 19:30
tagesschau & sunset mit emma	archive	false	2025-04-22 20:00	2025-04-22 21:00
fourfeintrag auf deutsch	archive	false	2025-04-22 21:00	2025-04-23 00:00
sleep	sleep	false	2025-04-23 01:00	2025-04-23 07:00
sleep	sleep	false	2025-04-23 07:00	2025-04-23 08:30
dbis exam review	archive	false	2025-04-23 09:00	2025-04-23 11:00
mittagessen mit zerdag	archive	false	2025-04-23 11:00	2025-04-23 12:00
mtcs - l	archive	false	2025-04-23 12:00	2025-04-23 14:00
epl - l	archive	false	2025-04-23 14:00	2025-04-23 16:00
dllab	archive	false	2025-04-23 16:00	2025-04-23 18:00
Ausdauersport Tempotraining Stretching und Stabilisation	archive	false	2025-04-23 19:00	2025-04-23 20:30
abendessen	archive	false	2025-04-23 22:00	2025-04-23 23:00
fourf	archive	false	2025-04-23 23:00	2025-04-24 00:00
sleep	sleep	false	2025-04-24 02:00	2025-04-24 07:00
frühstück	archive	false	2025-04-24 07:00	2025-04-24 08:00
morgenkurs A2.2	archive	false	2025-04-24 08:30	2025-04-24 10:00
ipcp - e	archive	false	2025-04-24 10:00	2025-04-24 12:00
mtcs - l	archive	false	2025-04-24 12:00	2025-04-24 14:00
wp eratur gc	archive	false	2025-04-24 14:00	2025-04-24 15:00
abendessen	archive	false	2025-04-24 15:00	2025-04-24 16:00
lies den brief von emma	archive	false	2025-04-24 19:00	2025-04-25 00:00
lies den brief von emma	archive	false	2025-04-25 00:00	2025-04-25 01:00
brief an emma	archive	false	2025-04-25 01:00	2025-04-25 02:00
sleep	sleep	false	2025-04-25 02:30	2025-04-25 05:00
sleep	sleep	false	2025-04-25 05:00	2025-04-25 07:30
brief an emma	archive	false	2025-04-25 08:00	2025-04-25 09:00
frühstück	archive	false	2025-04-25 09:00	2025-04-25 10:00
tfm - s	archive	false	2025-04-25 10:00	2025-04-25 12:00
mittagessen	archive	false	2025-04-25 12:00	2025-04-25 13:00
automl watch w0 mit kutzer	archive	false	2025-04-25 13:00	2025-04-25 15:00
brief an emma	archive	false	2025-04-25 16:00	2025-04-25 18:00
abendessen mit chinese	archive	false	2025-04-25 19:00	2025-04-25 21:30
sleep	sleep	false	2025-04-26 02:30	2025-04-26 07:00
automl watch w1 mit kutzer	archive	false	2025-04-26 09:30	2025-04-26 12:00
mittagessen	archive	false	2025-04-26 12:00	2025-04-26 13:00
automl e1 mit kutzer	archive	false	2025-04-26 13:30	2025-04-26 15:00
automl e1 mit kutzer	archive	false	2025-04-26 16:00	2025-04-26 17:30
abendessen mit turks	archive	false	2025-04-26 19:00	2025-04-26 21:00
lies den brief von emma	archive	false	2025-04-26 22:00	2025-04-27 00:00
sleep	sleep	false	2025-04-27 01:00	2025-04-27 07:00
sleep	sleep	false	2025-04-27 07:00	2025-04-27 08:30
automl e1	archive	false	2025-04-27 10:30	2025-04-27 12:00
automl e1	archive	false	2025-04-27 13:30	2025-04-27 15:00
automl e1	archive	false	2025-04-27 15:00	2025-04-27 17:30
automl e1	archive	false	2025-04-27 18:30	2025-04-27 20:00
lies den brief von emma	archive	false	2025-04-27 20:30	2025-04-27 22:30
brief an emma	archive	false	2025-04-28 00:00	2025-04-28 02:00
sleep	sleep	false	2025-04-28 02:00	2025-04-28 07:00
sleep	sleep	false	2025-04-28 07:00	2025-04-28 08:00
brief an emma	archive	false	2025-04-28 08:00	2025-04-28 09:30
spr - l	archive	false	2025-04-28 10:00	2025-04-28 12:00
wic - l	archive	false	2025-04-28 12:00	2025-04-28 14:00
adl - l	archive	false	2025-04-28 14:00	2025-04-28 16:00
spr - e	archive	false	2025-04-28 16:00	2025-04-28 18:00
Ausdauersport Dauerlauf in 3 Gruppen, w/m/d	archive	false	2025-04-28 19:00	2025-04-28 20:30
abendessen - pesto pasta	archive	false	2025-04-28 21:00	2025-04-28 22:00
brief an emma	archive	false	2025-04-28 23:00	2025-04-29 00:00
deutsch rückblick tag 1	archive	false	2025-04-29 00:00	2025-04-29 01:00
deutsch hausaufgabe	archive	false	2025-04-29 01:00	2025-04-29 02:00
sleep	sleep	false	2025-04-29 02:00	2025-04-29 07:00
frühstück	archive	false	2025-04-29 07:00	2025-04-29 08:00
morgenkurs A2.2	archive	false	2025-04-29 08:30	2025-04-29 10:00
a4 & wine kaufen	archive	false	2025-04-29 10:00	2025-04-29 11:00
mittagessen mit kutzer	archive	false	2025-04-29 11:00	2025-04-29 12:00
automl e1 mit kutzer	archive	false	2025-04-29 12:00	2025-04-29 14:00
automl - l	archive	false	2025-04-29 14:00	2025-04-29 16:00
senf als geschenk	archive	false	2025-04-29 16:00	2025-04-29 17:00
seesplanschen mit emma	archive	false	2025-04-29 18:00	2025-04-29 19:00
abendessen	archive	false	2025-04-29 19:00	2025-04-29 20:00
fourf	archive	false	2025-04-29 23:00	2025-04-30 00:00
book automlschool2025	archive	false	2025-04-30 00:00	2025-04-30 01:00
sleep	sleep	false	2025-04-30 02:00	2025-04-30 07:00
sleep	sleep	false	2025-04-30 07:00	2025-04-30 09:00
wasche waschen	archive	false	2025-04-30 09:00	2025-04-30 10:00
bananenbrot	archive	false	2025-04-30 10:00	2025-04-30 12:00
mittagessen	archive	false	2025-04-30 12:00	2025-04-30 13:00
automl e1 mit kutzer	archive	false	2025-04-30 13:30	2025-04-30 14:30
automl watch w2 mit kutzer	archive	false	2025-04-30 14:30	2025-04-30 16:00
dllab	archive	false	2025-04-30 16:00	2025-04-30 18:00
dllab e1	archive	false	2025-04-30 18:00	2025-04-30 19:00
abendessen	archive	false	2025-04-30 20:00	2025-04-30 21:00
sleep	sleep	false	2025-05-01 01:00	2025-05-01 05:00
Trip to Zurich	archive	false	2025-05-01 06:00	2025-05-01 08:50
mittagessen @ mc	archive	false	2025-05-01 12:00	2025-05-01 13:00
landesmuseum	archive	false	2025-05-01 14:00	2025-05-01 15:00
hotel check in	archive	false	2025-05-01 15:00	2025-05-01 16:00
fifa museum	archive	false	2025-05-01 16:00	2025-05-01 17:30
boat tour - lake	archive	false	2025-05-01 18:00	2025-05-01 19:00
sunset @ park	archive	false	2025-05-01 19:30	2025-05-01 21:00
sleep	sleep	false	2025-05-02 00:30	2025-05-02 07:00
sleep	sleep	false	2025-05-02 07:00	2025-05-02 08:00
frühstück	archive	false	2025-05-02 08:00	2025-05-02 09:00
lindt home of chocolate	archive	false	2025-05-02 10:00	2025-05-02 12:00
swiss finance museum	archive	false	2025-05-02 14:00	2025-05-02 15:00
mittagessen - doner	archive	false	2025-05-02 15:00	2025-05-02 16:00
hike	archive	false	2025-05-02 17:00	2025-05-02 20:00
sleep	sleep	false	2025-05-03 01:00	2025-05-03 08:00
sleep	sleep	false	2025-05-03 08:00	2025-05-03 09:00
run & swim	archive	false	2025-05-03 09:00	2025-05-03 10:00
boat tour - river	archive	false	2025-05-03 12:00	2025-05-03 13:00
kulturama	archive	false	2025-05-03 13:00	2025-05-03 15:00
eth zurich	archive	false	2025-05-03 15:00	2025-05-03 16:00
grossmunster	archive	false	2025-05-03 16:00	2025-05-03 17:00
lost wallet search	archive	false	2025-05-03 18:00	2025-05-03 20:00
kantonspolizei	archive	false	2025-05-03 21:00	2025-05-03 22:00
sleep	sleep	false	2025-05-04 01:00	2025-05-04 07:00
Trip to Freiburg (i.Br.)	archive	false	2025-05-04 09:25	2025-05-04 11:50
mittagessen - doner mann	archive	false	2025-05-04 12:00	2025-05-04 13:00
mllab e 1	archive	false	2025-05-04 14:00	2025-05-04 16:00
lies den brief von emma	archive	false	2025-05-04 17:00	2025-05-04 18:00
brief an emma	archive	false	2025-05-04 18:00	2025-05-04 19:00
self care	archive	false	2025-05-04 19:00	2025-05-04 20:00
tagesschau	archive	false	2025-05-04 20:00	2025-05-04 21:00
temple grandin mit emma	archive	false	2025-05-04 21:00	2025-05-04 22:00
sleep	sleep	false	2025-05-05 00:30	2025-05-05 05:00
residence permit	archive	false	2025-05-05 05:30	2025-05-05 08:00
spr - l	archive	false	2025-05-05 10:00	2025-05-05 12:00
adl - l	archive	false	2025-05-05 14:00	2025-05-05 16:00
spr - e	archive	false	2025-05-05 16:00	2025-05-05 17:00
groceries	archive	false	2025-05-05 17:00	2025-05-05 18:00
bananenbrot zubereiten	archive	false	2025-05-05 18:00	2025-05-05 19:00
abendessen	archive	false	2025-05-05 19:00	2025-05-05 20:00
sleep	sleep	false	2025-05-05 22:00	2025-05-06 00:00
sleep	sleep	false	2025-05-06 00:00	2025-05-06 02:00
sleep	sleep	false	2025-05-06 02:00	2025-05-06 07:00
morgenkurs A2.2	archive	false	2025-05-06 08:30	2025-05-06 10:00
mittagessen mit kutzer	archive	false	2025-05-06 11:00	2025-05-06 12:00
automl mit kutzer	archive	false	2025-05-06 12:00	2025-05-06 14:00
automl - l	archive	false	2025-05-06 14:00	2025-05-06 16:00
groceries	archive	false	2025-05-06 16:00	2025-05-06 17:00
abendessen	archive	false	2025-05-06 17:00	2025-05-06 18:00
wg meeting	archive	false	2025-05-06 20:00	2025-05-06 21:00
threew ios 17.5 & ww	archive	false	2025-05-06 22:00	2025-05-06 23:00
sleep	sleep	false	2025-05-06 23:00	2025-05-07 00:00
sleep	sleep	false	2025-05-07 00:00	2025-05-07 05:00
sleep	sleep	false	2025-05-07 05:00	2025-05-07 07:00
sleep	sleep	false	2025-05-07 07:00	2025-05-07 08:00
threew distrubution	archive	false	2025-05-07 08:00	2025-05-07 09:00
dllab e1	archive	false	2025-05-07 11:00	2025-05-07 13:00
unicard	archive	false	2025-05-07 14:00	2025-05-07 15:00
dllab	archive	false	2025-05-07 16:00	2025-05-07 18:00
dllab e1	archive	false	2025-05-07 18:00	2025-05-07 20:00
dllab e1	archive	false	2025-05-07 21:00	2025-05-08 00:00
sleep	sleep	false	2025-05-08 00:30	2025-05-08 06:30
automl e2	archive	false	2025-05-08 07:00	2025-05-08 08:00
morgenkurs A2.2	archive	false	2025-05-08 08:30	2025-05-08 10:00
mcdonalds? mit kutzer	archive	false	2025-05-08 10:00	2025-05-08 11:00
automl e2 mit kutzer	archive	false	2025-05-08 11:00	2025-05-08 12:30
automl e2 mit kutzer	archive	false	2025-05-08 13:00	2025-05-08 14:00
automl - e	archive	false	2025-05-08 14:00	2025-05-08 16:00
nrc 10k w5 recovery run	archive	false	2025-05-08 16:00	2025-05-08 18:00
sleep	sleep	false	2025-05-09 00:00	2025-05-09 01:30
sleep	sleep	false	2025-05-09 01:30	2025-05-09 06:30
sleep	sleep	false	2025-05-09 07:00	2025-05-09 10:00
adl - e	archive	false	2025-05-09 10:00	2025-05-09 12:00
mittagessen mit kutzer	archive	false	2025-05-09 12:00	2025-05-09 13:00
PFN video	archive	false	2025-05-09 15:00	2025-05-09 16:00
tabPFN	archive	false	2025-05-09 16:00	2025-05-09 17:00
nrc 10k w5 recovery run	archive	false	2025-05-09 18:00	2025-05-09 20:00
abendessen	archive	false	2025-05-09 20:00	2025-05-09 21:00
turkish class prep	archive	false	2025-05-09 22:00	2025-05-09 23:00
sleep	sleep	false	2025-05-10 03:30	2025-05-10 08:00
frühstück - mc	archive	false	2025-05-10 08:00	2025-05-10 09:00
turkce ders 1	archive	false	2025-05-10 09:30	2025-05-10 11:00
nrc 10k w5 speed run	archive	false	2025-05-10 11:30	2025-05-10 13:00
mittagessen	archive	false	2025-05-10 13:30	2025-05-10 15:00
spazieren gehen mit emma	archive	false	2025-05-10 19:00	2025-05-10 20:00
temple grandin mit emma	archive	false	2025-05-10 20:00	2025-05-10 21:00
abendessen - doner mann	archive	false	2025-05-10 21:00	2025-05-10 22:00
deutsch hausaufgabe	archive	false	2025-05-10 22:30	2025-05-10 23:45
sleep	sleep	false	2025-05-11 01:00	2025-05-11 06:30
sleep	sleep	false	2025-05-11 06:30	2025-05-11 09:30
frühstück	archive	false	2025-05-11 10:00	2025-05-11 11:00
facetime anne & babanne	archive	false	2025-05-11 11:00	2025-05-11 12:00
dllab e1	archive	false	2025-05-11 15:00	2025-05-11 16:00
mittagessen - doner mann	archive	false	2025-05-11 16:00	2025-05-11 17:00
facetime borofil	archive	false	2025-05-11 18:00	2025-05-11 19:00
abendessen	archive	false	2025-05-11 19:00	2025-05-11 20:00
dllab e1 - pool	archive	false	2025-05-11 21:00	2025-05-12 00:00
dllab e1	archive	false	2025-05-12 00:00	2025-05-12 01:00
sleep	sleep	false	2025-05-12 01:30	2025-05-12 06:30
sleep	sleep	false	2025-05-12 06:30	2025-05-12 07:30
dllab e1	archive	false	2025-05-12 07:30	2025-05-12 08:30
frühstück	archive	false	2025-05-12 08:30	2025-05-12 09:30
spr - l	archive	false	2025-05-12 10:00	2025-05-12 12:00
spr e2	archive	false	2025-05-12 12:00	2025-05-12 14:00
adl - l	archive	false	2025-05-12 14:00	2025-05-12 16:00
spr - e	archive	false	2025-05-12 16:00	2025-05-12 18:00
abendessen - mc	archive	false	2025-05-12 18:00	2025-05-12 19:00
automl watch w3	archive	false	2025-05-12 21:00	2025-05-12 23:00
hs tag 1	archive	false	2025-05-12 23:00	2025-05-13 00:00
automl watch w3	archive	false	2025-05-13 00:00	2025-05-13 02:00
sleep	sleep	false	2025-05-13 03:00	2025-05-13 06:30
sleep	sleep	false	2025-05-13 06:30	2025-05-13 07:30
deutsch hausaufgabe	archive	false	2025-05-13 07:30	2025-05-13 08:30
morgenkurs A2.2	archive	false	2025-05-13 08:30	2025-05-13 10:00
kutay tabPFNv1	archive	false	2025-05-13 09:15	2025-05-13 10:00
swfr + dosya 	archive	false	2025-05-13 10:00	2025-05-13 11:00
mittagessen mit zerebru	archive	false	2025-05-13 11:00	2025-05-13 12:00
automl - l	archive	false	2025-05-13 14:00	2025-05-13 16:00
laufschuhjagd	archive	false	2025-05-13 17:00	2025-05-13 18:00
Mobility/Beweglichkeits-Kurs	archive	false	2025-05-13 18:30	2025-05-13 19:30
abendessen	archive	false	2025-05-13 21:00	2025-05-13 22:00
hs tag 2	archive	false	2025-05-13 23:00	2025-05-14 00:00
sleep	sleep	false	2025-05-14 01:30	2025-05-14 07:30
sleep	sleep	false	2025-05-14 07:30	2025-05-14 09:30
frühstück	archive	false	2025-05-14 10:00	2025-05-14 11:00
dllab e2	archive	false	2025-05-14 13:00	2025-05-14 16:00
dllab	archive	false	2025-05-14 16:00	2025-05-14 18:00
dllab e2	archive	false	2025-05-14 18:00	2025-05-14 19:00
abendessen	archive	false	2025-05-14 19:00	2025-05-14 20:00
hs tag 3	archive	false	2025-05-14 22:30	2025-05-15 00:00
sleep	sleep	false	2025-05-15 02:00	2025-05-15 06:30
deutsch hausaufgabe	archive	false	2025-05-15 07:00	2025-05-15 08:30
morgenkurs A2.2	archive	false	2025-05-15 08:30	2025-05-15 10:00
automl e3	archive	false	2025-05-15 10:00	2025-05-15 12:00
mittagessen mit kutzer	archive	false	2025-05-15 12:00	2025-05-15 13:00
automl e3	archive	false	2025-05-15 13:00	2025-05-15 14:00
automl - e	archive	false	2025-05-15 14:00	2025-05-15 16:00
hs tag 4	archive	false	2025-05-15 17:00	2025-05-15 18:00
bananenbrot zubereiten	archive	false	2025-05-15 19:00	2025-05-15 20:00
abendessen	archive	false	2025-05-15 20:00	2025-05-15 21:00
sleep	sleep	false	2025-05-16 01:30	2025-05-16 06:00
sleep	sleep	false	2025-05-16 06:00	2025-05-16 07:30
frühstück	archive	false	2025-05-16 07:30	2025-05-16 08:30
adl - e	archive	false	2025-05-16 10:00	2025-05-16 12:00
lies den brief von emma	archive	false	2025-05-16 16:00	2025-05-16 17:00
hs tag 5	archive	false	2025-05-16 17:00	2025-05-16 18:00
schwimmen	archive	false	2025-05-16 18:00	2025-05-16 20:00
abendessen	archive	false	2025-05-16 20:00	2025-05-16 21:00
stretch	archive	false	2025-05-16 22:00	2025-05-16 23:00
lies den brief von emma	archive	false	2025-05-17 01:00	2025-05-17 02:00
sleep	sleep	false	2025-05-17 02:30	2025-05-17 07:30
sleep	sleep	false	2025-05-17 07:30	2025-05-17 10:00
frühstück	archive	false	2025-05-17 10:00	2025-05-17 11:00
deutsch hausaufgabe	archive	false	2025-05-17 12:00	2025-05-17 14:00
sleep	sleep	false	2025-05-17 14:00	2025-05-17 15:30
deutsch hausaufgabe	archive	false	2025-05-17 17:00	2025-05-17 18:00
abendessen	archive	false	2025-05-17 18:00	2025-05-17 19:30
deutsch hausaufgabe	archive	false	2025-05-17 22:00	2025-05-17 23:00
hs tag 6	archive	false	2025-05-17 23:00	2025-05-18 00:00
deutsch hausaufgabe	archive	false	2025-05-18 00:00	2025-05-18 02:00
sleep	sleep	false	2025-05-18 02:30	2025-05-18 06:30
sleep	sleep	false	2025-05-18 06:30	2025-05-18 07:30
sleep	sleep	false	2025-05-18 07:30	2025-05-18 08:30
turkce ders 2	archive	false	2025-05-18 09:00	2025-05-18 11:00
hs tag 7	archive	false	2025-05-18 11:00	2025-05-18 12:00
nrc 10k w5 recovery run	archive	false	2025-05-18 12:00	2025-05-18 14:00
mittagessen	archive	false	2025-05-18 15:00	2025-05-18 16:00
Vollversammlung	archive	false	2025-05-18 16:00	2025-05-18 17:00
dllab e2	archive	false	2025-05-18 18:00	2025-05-18 23:00
sleep	sleep	false	2025-05-19 02:00	2025-05-19 07:00
sleep	sleep	false	2025-05-19 07:00	2025-05-19 08:00
frühstück	archive	false	2025-05-19 08:00	2025-05-19 09:00
spr - l	archive	false	2025-05-19 10:00	2025-05-19 12:00
spr e3	archive	false	2025-05-19 12:00	2025-05-19 13:00
adl t 3 recap	archive	false	2025-05-19 13:00	2025-05-19 14:00
adl - l	archive	false	2025-05-19 14:00	2025-05-19 16:00
spr - e	archive	false	2025-05-19 16:00	2025-05-19 18:00
dllab e2	archive	false	2025-05-19 18:00	2025-05-19 23:00
hs tag 8	archive	false	2025-05-19 23:00	2025-05-20 00:00
sleep	sleep	false	2025-05-20 01:30	2025-05-20 07:00
sleep	sleep	false	2025-05-20 07:00	2025-05-20 08:30
morgenkurs A2.2	archive	false	2025-05-20 08:30	2025-05-20 10:00
automl watch w4	archive	false	2025-05-20 10:30	2025-05-20 12:00
mittagessen mit kutkar	archive	false	2025-05-20 12:00	2025-05-20 13:00
automl w4 kahoot prep	archive	false	2025-05-20 13:00	2025-05-20 14:00
automl - l	archive	false	2025-05-20 14:00	2025-05-20 16:00
dllab e2	archive	false	2025-05-20 16:00	2025-05-20 22:00
hs tag 9	archive	false	2025-05-20 22:00	2025-05-20 23:00
abendessen	archive	false	2025-05-20 23:00	2025-05-21 00:00
sleep	sleep	false	2025-05-21 02:00	2025-05-21 06:00
frühstück	archive	false	2025-05-21 07:00	2025-05-21 08:00
dllab e2	archive	false	2025-05-21 08:00	2025-05-21 12:00
mittagessen mit kutzer	archive	false	2025-05-21 12:00	2025-05-21 13:00
dllab e2	archive	false	2025-05-21 13:00	2025-05-21 16:00
dllab	archive	false	2025-05-21 16:00	2025-05-21 18:00
Ausdauersport Tempotraining Stretching und Stabilisation	archive	false	2025-05-21 19:00	2025-05-21 20:30
hs tag 10	archive	false	2025-05-21 21:30	2025-05-21 22:30
abendessen	archive	false	2025-05-21 23:00	2025-05-22 00:00
automl e4	archive	false	2025-05-22 01:00	2025-05-22 02:00
sleep	sleep	false	2025-05-22 02:00	2025-05-22 05:30
sleep	sleep	false	2025-05-22 05:30	2025-05-22 07:00
deutsch ha 8	archive	false	2025-05-22 07:30	2025-05-22 08:30
morgenkurs A2.2	archive	false	2025-05-22 08:30	2025-05-22 10:00
automl e4	archive	false	2025-05-22 10:30	2025-05-22 12:30
automl watch w4 mit kutzer	archive	false	2025-05-22 13:00	2025-05-22 15:00
automl e4	archive	false	2025-05-22 15:00	2025-05-22 16:00
abendessen	archive	false	2025-05-22 17:00	2025-05-22 19:00
facetime borofil	archive	false	2025-05-22 19:00	2025-05-22 20:00
hs tag 11	archive	false	2025-05-22 23:00	2025-05-23 00:00
sleep	sleep	false	2025-05-23 01:30	2025-05-23 05:30
sleep	sleep	false	2025-05-23 05:30	2025-05-23 07:00
sleep	sleep	false	2025-05-23 07:00	2025-05-23 08:00
frühstück	archive	false	2025-05-23 08:00	2025-05-23 09:00
adl t 3 recap	archive	false	2025-05-23 09:00	2025-05-23 10:00
adl - e	archive	false	2025-05-23 10:00	2025-05-23 11:30
Terminreservierung - Amt für Migration und Integration Stadt Freiburg - Übertrag von Aufenthaltstitel als eAT (1 Person)	archive	false	2025-05-23 11:40	2025-05-23 11:55
smalldata workshop	archive	false	2025-05-23 13:30	2025-05-23 16:30
hs tag 12	archive	false	2025-05-23 17:00	2025-05-23 18:00
schwimmen	archive	false	2025-05-23 18:00	2025-05-23 20:00
abendessen	archive	false	2025-05-23 20:00	2025-05-23 21:00
sleep	sleep	false	2025-05-24 01:00	2025-05-24 07:00
sleep	sleep	false	2025-05-24 07:00	2025-05-24 08:30
groceries	archive	false	2025-05-24 11:00	2025-05-24 12:00
bananenbrot	archive	false	2025-05-24 12:00	2025-05-24 16:00
hs tag 13	archive	false	2025-05-24 18:00	2025-05-24 19:00
brief an emma	archive	false	2025-05-24 19:00	2025-05-24 20:00
self care	archive	false	2025-05-24 20:00	2025-05-24 21:00
party	archive	false	2025-05-24 21:00	2025-05-25 00:00
party	archive	false	2025-05-25 00:00	2025-05-25 03:00
sleep	sleep	false	2025-05-25 03:30	2025-05-25 08:30
turkce ders 3	archive	false	2025-05-25 09:00	2025-05-25 10:30
hs tag 14	archive	false	2025-05-25 11:00	2025-05-25 12:00
nrc 10k w5 long run	archive	false	2025-05-25 12:00	2025-05-25 13:00
mittagessen	archive	false	2025-05-25 13:00	2025-05-25 15:00
sleep	sleep	false	2025-05-25 15:00	2025-05-25 19:00
sleep	sleep	false	2025-05-26 01:30	2025-05-26 05:00
sleep	sleep	false	2025-05-26 05:00	2025-05-26 08:00
sleep	sleep	false	2025-05-26 08:00	2025-05-26 09:30
spr - l	archive	false	2025-05-26 10:00	2025-05-26 12:00
spr e4	archive	false	2025-05-26 12:00	2025-05-26 13:00
morgenkurs exam prep	archive	false	2025-05-26 13:00	2025-05-26 14:00
adl - l	archive	false	2025-05-26 14:00	2025-05-26 16:00
spr - e	archive	false	2025-05-26 16:00	2025-05-26 17:00
replace malinas lemons	archive	false	2025-05-26 17:00	2025-05-26 18:00
morgenkurs exam prep	archive	false	2025-05-26 18:00	2025-05-26 19:00
hs tag 15	archive	false	2025-05-26 19:00	2025-05-26 20:00
abendessen	archive	false	2025-05-26 20:00	2025-05-26 21:00
brief an emma	archive	false	2025-05-27 01:00	2025-05-27 03:00
sleep	sleep	false	2025-05-27 03:30	2025-05-27 07:00
morgenkurs exam prep	archive	false	2025-05-27 07:30	2025-05-27 08:30
morgenkurs A2.2	archive	false	2025-05-27 08:30	2025-05-27 10:00
panel prep	archive	false	2025-05-27 11:00	2025-05-27 12:00
mittagessen mit kutzer	archive	false	2025-05-27 12:00	2025-05-27 13:00
panel prep	archive	false	2025-05-27 13:00	2025-05-27 14:00
automl - panel	archive	false	2025-05-27 14:00	2025-05-27 16:00
hs tag 16	archive	false	2025-05-27 17:00	2025-05-27 18:00
Mobility/Beweglichkeits-Kurs	archive	false	2025-05-27 18:30	2025-05-27 19:30
abendessen	archive	false	2025-05-27 20:00	2025-05-27 21:30
sleep	sleep	false	2025-05-28 00:00	2025-05-28 07:00
sleep	sleep	false	2025-05-28 07:30	2025-05-28 10:30
mittagessen	archive	false	2025-05-28 11:00	2025-05-28 12:00
dllab e3	archive	false	2025-05-28 12:00	2025-05-28 16:00
dllab	archive	false	2025-05-28 16:00	2025-05-28 17:30
hs tag 17	archive	false	2025-05-28 17:30	2025-05-28 18:30
Ausdauersport Tempotraining Stretching und Stabilisation	archive	false	2025-05-28 19:00	2025-05-28 20:30
facetime linbor	archive	false	2025-05-28 22:00	2025-05-28 23:00
abendessen	archive	false	2025-05-28 23:00	2025-05-29 00:00
sleep	sleep	false	2025-05-29 03:00	2025-05-29 06:00
sleep	sleep	false	2025-05-29 06:00	2025-05-29 07:00
hs tag 18	archive	false	2025-05-29 07:00	2025-05-29 08:00
frühstück	archive	false	2025-05-29 08:00	2025-05-29 09:00
wandern mit deutschkurs	archive	false	2025-05-29 10:00	2025-05-29 19:00
abendessen	archive	false	2025-05-29 19:00	2025-05-29 20:00
facetime borofil	archive	false	2025-05-29 20:00	2025-05-29 21:00
sleep	sleep	false	2025-05-30 00:00	2025-05-30 07:00
sleep	sleep	false	2025-05-30 07:00	2025-05-30 08:00
sleep	sleep	false	2025-05-30 08:00	2025-05-30 09:00
adl - e	archive	false	2025-05-30 10:00	2025-05-30 12:00
mittagessen	archive	false	2025-05-30 13:00	2025-05-30 14:00
lies den brief von emma	archive	false	2025-05-30 15:30	2025-05-30 17:00
hs tag 19	archive	false	2025-05-30 17:00	2025-05-30 18:00
schwimmen	archive	false	2025-05-30 18:00	2025-05-30 19:00
self care	archive	false	2025-05-30 19:00	2025-05-30 20:00
abendessen	archive	false	2025-05-30 20:00	2025-05-30 22:00
brief an emma	archive	false	2025-05-31 00:00	2025-05-31 01:00
sleep	sleep	false	2025-05-31 02:00	2025-05-31 07:00
dllab e3	archive	false	2025-05-31 08:00	2025-05-31 13:00
mittagessen jatichi	archive	false	2025-05-31 13:00	2025-05-31 14:00
shoe hunt	archive	false	2025-05-31 14:00	2025-05-31 15:00
deutsch ha 9	archive	false	2025-05-31 15:00	2025-05-31 16:00
groceries mit jatichi	archive	false	2025-05-31 16:00	2025-05-31 17:00
seepark mit jatichi	archive	false	2025-05-31 17:00	2025-05-31 19:30
abendessen	archive	false	2025-05-31 20:00	2025-05-31 21:00
psg vs int mit wg	archive	false	2025-05-31 21:00	2025-05-31 23:00
hs tag 20	archive	false	2025-05-31 23:00	2025-06-01 00:00
sleep	sleep	false	2025-06-01 01:00	2025-06-01 07:00
sleep	sleep	false	2025-06-01 07:00	2025-06-01 10:30
brief an emma	archive	false	2025-06-01 14:00	2025-06-01 15:00
dllab e3	archive	false	2025-06-01 18:00	2025-06-01 19:00
hs tag 21	archive	false	2025-06-01 22:30	2025-06-01 23:30
brief an emma	archive	false	2025-06-02 00:00	2025-06-02 01:00
sleep	sleep	false	2025-06-02 01:00	2025-06-02 07:00
sleep	sleep	false	2025-06-02 07:00	2025-06-02 09:00
frühstück	archive	false	2025-06-02 09:00	2025-06-02 10:00
spr - l	archive	false	2025-06-02 10:00	2025-06-02 12:00
groceries	archive	false	2025-06-02 12:00	2025-06-02 13:00
dllab e3	archive	false	2025-06-02 13:00	2025-06-02 15:00
spr - e	archive	false	2025-06-02 16:00	2025-06-02 17:00
hs tag 22	archive	false	2025-06-02 17:30	2025-06-02 18:30
Ausdauersport Dauerlauf in 3 Gruppen, w/m/d	archive	false	2025-06-02 19:00	2025-06-02 20:30
abendessen	archive	false	2025-06-02 21:00	2025-06-02 22:00
sleep	sleep	false	2025-06-03 02:00	2025-06-03 04:00
sleep	sleep	false	2025-06-03 04:00	2025-06-03 07:00
sleep	sleep	false	2025-06-03 07:00	2025-06-03 09:00
morgenkurs A2.2	archive	false	2025-06-03 09:00	2025-06-03 10:00
automl watch w6	archive	false	2025-06-03 10:30	2025-06-03 11:30
mittagessen mit zerdag	archive	false	2025-06-03 11:30	2025-06-03 12:30
automl watch w6	archive	false	2025-06-03 12:30	2025-06-03 13:30
automl - l	archive	false	2025-06-03 14:00	2025-06-03 16:00
hs tag 23	archive	false	2025-06-03 17:00	2025-06-03 18:00
Mobility/Beweglichkeits-Kurs	archive	false	2025-06-03 18:30	2025-06-03 19:30
groceries	archive	false	2025-06-03 20:00	2025-06-03 21:00
abendessen	archive	false	2025-06-03 21:00	2025-06-03 22:00
clean mac	archive	false	2025-06-03 22:00	2025-06-03 23:00
brief an emma	archive	false	2025-06-03 23:00	2025-06-04 00:00
sleep	sleep	false	2025-06-04 02:00	2025-06-04 07:00
sleep	sleep	false	2025-06-04 07:00	2025-06-04 09:00
sleep	sleep	false	2025-06-04 09:00	2025-06-04 10:30
dllab e3	archive	false	2025-06-04 10:30	2025-06-04 11:30
mittagessen mit zerdag	archive	false	2025-06-04 11:30	2025-06-04 12:30
automl e5 zerdag	archive	false	2025-06-04 12:30	2025-06-04 16:00
dllab	archive	false	2025-06-04 16:00	2025-06-04 17:30
hs tag 24	archive	false	2025-06-04 17:30	2025-06-04 18:30
Ausdauersport Tempotraining Stretching und Stabilisation	archive	false	2025-06-04 19:00	2025-06-04 20:30
dllab e3	archive	false	2025-06-04 21:00	2025-06-05 00:00
abendessen	archive	false	2025-06-05 00:00	2025-06-05 01:00
brief an emma	archive	false	2025-06-05 01:00	2025-06-05 02:00
sleep	sleep	false	2025-06-05 02:00	2025-06-05 05:00
sleep	sleep	false	2025-06-05 05:00	2025-06-05 07:00
sleep	sleep	false	2025-06-05 07:00	2025-06-05 08:30
morgenkurs A2.2	archive	false	2025-06-05 09:00	2025-06-05 10:00
sc freiburg & bant	archive	false	2025-06-05 10:00	2025-06-05 11:00
mittagessen mit zerdag	archive	false	2025-06-05 11:30	2025-06-05 12:30
automl e5 mit zerdag	archive	false	2025-06-05 12:30	2025-06-05 14:00
automl - fc & e	archive	false	2025-06-05 14:00	2025-06-05 16:00
turkce ders 4	archive	false	2025-06-05 16:30	2025-06-05 17:30
hs tag 25	archive	false	2025-06-05 17:30	2025-06-05 18:30
abendessen	archive	false	2025-06-05 22:00	2025-06-05 23:00
adl watch w6	archive	false	2025-06-05 23:00	2025-06-06 00:00
bananenbrot	archive	false	2025-06-06 00:00	2025-06-06 02:00
sleep	sleep	false	2025-06-06 03:00	2025-06-06 04:30
sleep	sleep	false	2025-06-06 05:00	2025-06-06 06:30
wandern	archive	false	2025-06-06 07:00	2025-06-06 10:00
adl - e	archive	false	2025-06-06 10:30	2025-06-06 12:00
mittagessen	archive	false	2025-06-06 12:30	2025-06-06 13:30
bananenbrot	archive	false	2025-06-06 13:30	2025-06-06 15:00
sleep	sleep	false	2025-06-06 16:00	2025-06-06 17:30
hs tag 26	archive	false	2025-06-06 17:30	2025-06-06 18:30
schwimmen mit janchi	archive	false	2025-06-06 19:30	2025-06-06 21:00
abendessen	archive	false	2025-06-06 21:00	2025-06-06 23:00
sleep	sleep	false	2025-06-07 01:00	2025-06-07 04:00
sleep	sleep	false	2025-06-07 04:00	2025-06-07 08:00
hs tag 27	archive	false	2025-06-07 08:30	2025-06-07 09:30
shave	archive	false	2025-06-07 09:30	2025-06-07 10:30
shopping	archive	false	2025-06-07 10:30	2025-06-07 11:30
self care	archive	false	2025-06-07 11:30	2025-06-07 12:30
mittagessen	archive	false	2025-06-07 12:30	2025-06-07 13:30
airbnb update	archive	false	2025-06-07 14:00	2025-06-07 15:00
mail korbinian	archive	false	2025-06-07 15:00	2025-06-07 16:00
shopping	archive	false	2025-06-07 16:00	2025-06-07 17:00
abendessen	archive	false	2025-06-07 17:00	2025-06-07 18:00
reply korbinian	archive	false	2025-06-07 19:00	2025-06-07 20:00
seesplanschen mit chiara	archive	false	2025-06-07 20:00	2025-06-07 21:00
abendessen	archive	false	2025-06-07 21:00	2025-06-07 22:00
bananenbrot	archive	false	2025-06-07 23:00	2025-06-08 00:00
bananenbrot	archive	false	2025-06-08 00:00	2025-06-08 02:00
sleep	sleep	false	2025-06-08 03:00	2025-06-08 08:00
hs tag 28	archive	false	2025-06-08 08:30	2025-06-08 09:30
choose dllab projects	archive	false	2025-06-08 09:30	2025-06-08 10:30
aufräumen	archive	false	2025-06-08 10:30	2025-06-08 11:30
lies den brief von emma	archive	false	2025-06-08 11:30	2025-06-08 12:30
borofil freiburg	archive	false	2025-06-08 13:00	2025-06-08 23:00
packing	archive	false	2025-06-09 00:00	2025-06-09 01:30
sleep	sleep	false	2025-06-09 02:00	2025-06-09 07:00
frühstück mit borofil	archive	false	2025-06-09 07:30	2025-06-09 08:30
bus	archive	false	2025-06-09 09:00	2025-06-09 12:00
borofil tübingen	archive	false	2025-06-09 12:00	2025-06-09 17:00
WWDC25 kickoff	archive	false	2025-06-09 19:00	2025-06-09 21:00
sleep	sleep	false	2025-06-10 00:00	2025-06-10 07:00
frühstück mit borofil	archive	false	2025-06-10 07:30	2025-06-10 08:30
automlschool tag 1	archive	false	2025-06-10 09:00	2025-06-10 19:00
sleep	sleep	false	2025-06-11 00:00	2025-06-11 07:00
frühstück mit borofil	archive	false	2025-06-11 07:30	2025-06-11 08:30
automlschool tag 2	archive	false	2025-06-11 09:00	2025-06-11 17:00
automlschool boat tour	archive	false	2025-06-11 18:00	2025-06-11 19:00
automlschool dinner	archive	false	2025-06-11 19:00	2025-06-11 23:00
sleep	sleep	false	2025-06-12 01:00	2025-06-12 07:00
frühstück mit borofil	archive	false	2025-06-12 07:30	2025-06-12 08:30
automlschool tag 3	archive	false	2025-06-12 09:00	2025-06-12 18:00
lauf + fluss planschen	archive	false	2025-06-12 19:00	2025-06-12 20:00
sleep	sleep	false	2025-06-13 01:00	2025-06-13 07:00
frühstück mit borofil	archive	false	2025-06-13 07:30	2025-06-13 08:30
automlschool tag 4	archive	false	2025-06-13 09:00	2025-06-13 13:00
mittagessen @ mensa	archive	false	2025-06-13 13:00	2025-06-13 14:00
bus	archive	false	2025-06-13 19:30	2025-06-13 22:30
brief an emma	archive	false	2025-06-14 00:00	2025-06-14 03:00
sleep	sleep	false	2025-06-14 03:00	2025-06-14 08:30
train	archive	false	2025-06-14 10:00	2025-06-14 11:00
borofil marvin	archive	false	2025-06-14 11:00	2025-06-15 00:00
wwdc watch switfui	archive	false	2025-06-15 00:00	2025-06-15 01:00
sleep	sleep	false	2025-06-15 01:00	2025-06-15 06:00
train	archive	false	2025-06-15 07:00	2025-06-15 08:00
turkce ders 5	archive	false	2025-06-15 14:00	2025-06-15 15:00
turkce ders 6	archive	false	2025-06-15 15:00	2025-06-15 16:00
1 SOUTH CASTING!!!	archive	false	2025-06-15 17:00	2025-06-15 18:00
abendessen	archive	false	2025-06-15 18:00	2025-06-15 19:30
stadtland mit catilo	archive	false	2025-06-15 22:30	2025-06-15 23:30
sleep	sleep	false	2025-06-16 00:00	2025-06-16 07:00
mail brandt	archive	false	2025-06-16 08:00	2025-06-16 09:00
mc mit kutzer	archive	false	2025-06-16 09:00	2025-06-16 10:00
automl watch week 7 mit kutzer	archive	false	2025-06-16 10:00	2025-06-16 12:30
mittagessen mit zerdag	archive	false	2025-06-16 12:30	2025-06-16 13:30
adl - l - multimodal	archive	false	2025-06-16 14:00	2025-06-16 16:00
gym	archive	false	2025-06-16 17:30	2025-06-16 18:30
Ausdauersport Dauerlauf in 3 Gruppen, w/m/d	archive	false	2025-06-16 19:00	2025-06-16 20:30
abendessen	archive	false	2025-06-16 21:00	2025-06-16 22:00
eis mit catilo	archive	false	2025-06-16 22:30	2025-06-16 23:30
sleep	sleep	false	2025-06-17 00:30	2025-06-17 07:00
sleep	sleep	false	2025-06-17 07:00	2025-06-17 08:00
morgenkurs A2.2	archive	false	2025-06-17 08:30	2025-06-17 10:00
mittagessen mit kutzer	archive	false	2025-06-17 12:00	2025-06-17 13:00
automl e6 mit kutzer	archive	false	2025-06-17 13:00	2025-06-17 14:00
automl - l	archive	false	2025-06-17 14:00	2025-06-17 16:00
gym	archive	false	2025-06-17 17:00	2025-06-17 18:00
Mobility/Beweglichkeits-Kurs	archive	false	2025-06-17 18:30	2025-06-17 19:30
abendessen	archive	false	2025-06-17 20:00	2025-06-17 21:00
sleep	sleep	false	2025-06-18 00:30	2025-06-18 06:30
lies den brief von emma	archive	false	2025-06-18 06:30	2025-06-18 07:30
frühstück	archive	false	2025-06-18 07:30	2025-06-18 08:30
aufräumen	archive	false	2025-06-18 10:00	2025-06-18 12:00
threew	archive	false	2025-06-18 12:00	2025-06-18 13:00
mittagessen	archive	false	2025-06-18 13:00	2025-06-18 14:00
dllab	archive	false	2025-06-18 16:00	2025-06-18 18:00
abendessen	archive	false	2025-06-18 19:00	2025-06-18 20:00
threew	archive	false	2025-06-18 21:30	2025-06-19 00:00
sleep	sleep	false	2025-06-19 01:00	2025-06-19 07:00
sleep	sleep	false	2025-06-19 07:00	2025-06-19 08:00
dllab proje 2/40 hr	archive	false	2025-06-19 10:00	2025-06-19 12:00
mittagessen mit kutzer	archive	false	2025-06-19 12:00	2025-06-19 13:00
dllab proje 4/40 hr	archive	false	2025-06-19 13:00	2025-06-19 15:00
automl seminar	archive	false	2025-06-19 15:00	2025-06-19 16:00
seesplanschen mit emma	archive	false	2025-06-19 18:00	2025-06-19 19:00
abendessen mit emma	archive	false	2025-06-19 19:30	2025-06-19 21:00
sleep	sleep	false	2025-06-20 01:00	2025-06-20 07:00
sleep	sleep	false	2025-06-20 07:00	2025-06-20 09:30
adl - e	archive	false	2025-06-20 10:00	2025-06-20 12:00
skateboard hunt	archive	false	2025-06-20 13:00	2025-06-20 14:00
groceries	archive	false	2025-06-20 14:00	2025-06-20 15:00
buy running shoes	archive	false	2025-06-20 15:00	2025-06-20 16:00
buy skateboard	archive	false	2025-06-20 17:00	2025-06-20 18:00
gym	archive	false	2025-06-20 18:00	2025-06-20 19:00
schwimmen mit jannis	archive	false	2025-06-20 19:30	2025-06-20 21:00
abendessen	archive	false	2025-06-20 21:30	2025-06-20 22:30
gym cleaning prep	archive	false	2025-06-20 23:00	2025-06-21 00:00
sleep	sleep	false	2025-06-21 01:00	2025-06-21 08:30
sleep	sleep	false	2025-06-21 08:30	2025-06-21 10:30
gym cleaning	archive	false	2025-06-21 11:00	2025-06-21 14:30
mittagessen	archive	false	2025-06-21 15:00	2025-06-21 17:00
groceries	archive	false	2025-06-21 19:00	2025-06-21 20:00
elon musk	archive	false	2025-06-21 20:30	2025-06-21 21:30
skate sesh	archive	false	2025-06-21 23:00	2025-06-22 00:00
sleep	sleep	false	2025-06-22 01:00	2025-06-22 07:00
sleep	sleep	false	2025-06-22 07:00	2025-06-22 09:00
automlschool recap	archive	false	2025-06-22 10:00	2025-06-22 11:00
mittagessen	archive	false	2025-06-22 12:00	2025-06-22 13:00
threew tag 13	archive	false	2025-06-22 13:00	2025-06-22 14:30
threew tag 13	archive	false	2025-06-22 15:00	2025-06-22 17:30
threew tag 13	archive	false	2025-06-22 18:00	2025-06-22 19:30
abendessen	archive	false	2025-06-22 20:00	2025-06-22 21:00
deutsch ha	archive	false	2025-06-22 21:00	2025-06-22 22:00
deutsch ha	archive	false	2025-06-22 23:00	2025-06-23 00:00
sleep	sleep	false	2025-06-23 01:00	2025-06-23 07:00
sleep	sleep	false	2025-06-23 07:00	2025-06-23 08:00
spr - l	archive	false	2025-06-23 10:00	2025-06-23 12:00
dllab proje 5/40 hr	archive	false	2025-06-23 12:00	2025-06-23 13:00
mittagessen	archive	false	2025-06-23 13:00	2025-06-23 14:00
adl - l	archive	false	2025-06-23 14:00	2025-06-23 16:00
spr - e	archive	false	2025-06-23 16:00	2025-06-23 17:00
aufräumen	archive	false	2025-06-23 17:30	2025-06-23 18:30
dllab proje 6/40 hr	archive	false	2025-06-23 20:00	2025-06-23 21:00
run	archive	false	2025-06-23 21:00	2025-06-23 22:00
abendessen	archive	false	2025-06-23 22:00	2025-06-23 23:00
frühstück	archive	false	2025-06-24 06:00	2025-06-24 07:00
morgenkurs A2.2	archive	false	2025-06-24 08:30	2025-06-24 10:00
automl watch week 8	archive	false	2025-06-24 10:30	2025-06-24 12:30
mittagessen - doner	archive	false	2025-06-24 12:30	2025-06-24 13:30
automl - l	archive	false	2025-06-24 14:00	2025-06-24 16:00
living together	archive	false	2025-06-24 17:00	2025-06-24 18:30
abendessen	archive	false	2025-06-24 19:00	2025-06-24 20:00
bananenbrot	archive	false	2025-06-24 20:00	2025-06-24 22:00
sleep	sleep	false	2025-06-24 23:00	2025-06-25 00:00
sleep	sleep	false	2025-06-25 00:00	2025-06-25 07:00
frühstück	archive	false	2025-06-25 07:00	2025-06-25 08:00
dllab proje 8/40 hr	archive	false	2025-06-25 10:00	2025-06-25 12:00
mittagessen	archive	false	2025-06-25 12:00	2025-06-25 13:00
dllab proje 9/40 hr	archive	false	2025-06-25 13:00	2025-06-25 14:00
starbucks mit kutzer	archive	false	2025-06-25 14:30	2025-06-25 15:30
dllab proje 10/40 hr	archive	false	2025-06-25 16:00	2025-06-25 17:00
2 SOUTH CASTING!!!	archive	false	2025-06-25 19:00	2025-06-25 20:00
run	archive	false	2025-06-25 20:00	2025-06-25 21:00
sleep	sleep	false	2025-06-26 01:00	2025-06-26 06:00
deutsch ha	archive	false	2025-06-26 07:30	2025-06-26 08:30
morgenkurs A2.2	archive	false	2025-06-26 08:30	2025-06-26 10:00
mittagessen mit kutzer	archive	false	2025-06-26 11:00	2025-06-26 12:00
automl e7 mit kutzer	archive	false	2025-06-26 12:00	2025-06-26 13:00
fourf luisa	archive	false	2025-06-26 15:00	2025-06-26 16:00
turkce ders 7	archive	false	2025-06-26 16:00	2025-06-26 18:00
abendessen	archive	false	2025-06-26 18:00	2025-06-26 19:00
wine tasting mit wg	archive	false	2025-06-26 20:00	2025-06-27 00:00
sleep	sleep	false	2025-06-27 02:00	2025-06-27 07:00
frühstück	archive	false	2025-06-27 08:00	2025-06-27 09:00
adl - e	archive	false	2025-06-27 10:00	2025-06-27 12:00
mittagessen	archive	false	2025-06-27 12:00	2025-06-27 13:00
dllab proje 12/40 hr	archive	false	2025-06-27 13:00	2025-06-27 15:00
doner	archive	false	2025-06-27 15:00	2025-06-27 16:00
dllab proje 14/40 hr	archive	false	2025-06-27 16:00	2025-06-27 18:00
gym	archive	false	2025-06-27 18:30	2025-06-27 19:30
seepark mit jannis	archive	false	2025-06-27 19:30	2025-06-27 21:00
abendessen	archive	false	2025-06-27 21:00	2025-06-27 22:00
28 days later mit turks	archive	false	2025-06-27 22:00	2025-06-28 00:00
28 days later mit turks	archive	false	2025-06-28 00:00	2025-06-28 01:00
sleep	sleep	false	2025-06-28 02:30	2025-06-28 07:00
sleep	sleep	false	2025-06-28 07:00	2025-06-28 10:30
mittagessen mit okaker	archive	false	2025-06-28 11:30	2025-06-28 12:30
dllab proje 20/40 hr	archive	false	2025-06-28 13:00	2025-06-28 16:00
doner	archive	false	2025-06-28 16:00	2025-06-28 17:00
dllab proje 23/40 hr	archive	false	2025-06-28 17:00	2025-06-28 20:00
dllab proje 25/40 hr	archive	false	2025-06-28 21:00	2025-06-28 23:00
sleep	sleep	false	2025-06-29 01:00	2025-06-29 05:30
text okan :(	archive	false	2025-06-29 05:30	2025-06-29 06:30
frühstück	archive	false	2025-06-29 06:30	2025-06-29 07:30
dllab proje 26/40 hr	archive	false	2025-06-29 08:00	2025-06-29 09:00
dllab proje 28/40 hr	archive	false	2025-06-29 10:00	2025-06-29 12:00
mittagessen	archive	false	2025-06-29 12:00	2025-06-29 13:00
reply kerstin	archive	false	2025-06-29 15:00	2025-06-29 16:00
seepark mit fratim	archive	false	2025-06-29 18:00	2025-06-29 19:30
abendessen	archive	false	2025-06-29 20:00	2025-06-29 21:00
bananenbrot	archive	false	2025-06-29 21:00	2025-06-30 00:00
sleep	sleep	false	2025-06-30 00:30	2025-06-30 02:30
sleep	sleep	false	2025-06-30 02:30	2025-06-30 06:00
sleep	sleep	false	2025-06-30 06:00	2025-06-30 09:00
spr - l	archive	false	2025-06-30 10:00	2025-06-30 12:00
mittagessen	archive	false	2025-06-30 12:00	2025-06-30 13:00
dllab proje 29/40 hr	archive	false	2025-06-30 13:00	2025-06-30 14:00
adl - l	archive	false	2025-06-30 14:00	2025-06-30 16:00
spr - e	archive	false	2025-06-30 16:00	2025-06-30 17:00
dllab proje 30/40 hr	archive	false	2025-06-30 17:00	2025-06-30 18:00
abendessen	archive	false	2025-06-30 18:00	2025-06-30 19:00
threew	archive	false	2025-06-30 19:00	2025-06-30 21:00
aufräumen	archive	false	2025-06-30 21:00	2025-06-30 22:00
dllab proje 31/40 hr	archive	false	2025-06-30 22:00	2025-06-30 23:00
dllab proje 32/40 hr	archive	false	2025-07-01 00:00	2025-07-01 01:00
sleep	sleep	false	2025-07-01 01:00	2025-07-01 02:30
sleep	sleep	false	2025-07-01 03:00	2025-07-01 06:00
sleep	sleep	false	2025-07-01 06:00	2025-07-01 08:30
morgenkurs A2.2	archive	false	2025-07-01 08:30	2025-07-01 10:00
dllab proje 33/40 hr	archive	false	2025-07-01 10:00	2025-07-01 11:00
axel meet 1	archive	false	2025-07-01 11:00	2025-07-01 12:00
mittagessen	archive	false	2025-07-01 12:00	2025-07-01 13:00
automl - panel	archive	false	2025-07-01 14:00	2025-07-01 16:00
Mobility/Beweglichkeits-Kurs	archive	false	2025-07-01 18:30	2025-07-01 19:30
bathroom duty	archive	false	2025-07-01 20:00	2025-07-01 21:30
seepark mit menschen	archive	false	2025-07-01 22:00	2025-07-01 23:00
abendessen	archive	false	2025-07-01 23:00	2025-07-02 00:00
sleep	sleep	false	2025-07-02 01:30	2025-07-02 07:30
sleep	sleep	false	2025-07-02 07:30	2025-07-02 10:30
mittagessen	archive	false	2025-07-02 11:30	2025-07-02 12:30
Adam Kortylewski W3 talk	archive	false	2025-07-02 12:30	2025-07-02 13:30
groceries	archive	false	2025-07-02 13:30	2025-07-02 14:30
gym	archive	false	2025-07-02 15:30	2025-07-02 17:00
Ausdauersport Tempotraining Stretching und Stabilisation	archive	false	2025-07-02 19:00	2025-07-02 20:30
seepark mit jannis	archive	false	2025-07-02 21:00	2025-07-02 22:00
abendessen	archive	false	2025-07-02 22:00	2025-07-02 23:00
brief an emma	archive	false	2025-07-03 00:30	2025-07-03 01:30
sleep	sleep	false	2025-07-03 02:30	2025-07-03 06:00
brief an emma	archive	false	2025-07-03 07:00	2025-07-03 08:00
morgenkurs A2.2	archive	false	2025-07-03 08:30	2025-07-03 10:00
mittagessen	archive	false	2025-07-03 12:00	2025-07-03 13:00
fittingroom discord	archive	false	2025-07-03 14:00	2025-07-03 16:00
ellis pre-ICML 2025	archive	false	2025-07-03 17:00	2025-07-03 19:30
water tomato plants	archive	false	2025-07-03 23:00	2025-07-04 00:00
sleep	sleep	false	2025-07-04 02:00	2025-07-04 05:00
sleep	sleep	false	2025-07-04 05:00	2025-07-04 08:00
frühstück	archive	false	2025-07-04 08:30	2025-07-04 09:30
adl - e	archive	false	2025-07-04 10:00	2025-07-04 12:00
mittagessen	archive	false	2025-07-04 12:00	2025-07-04 13:00
dllab proje 38/40 hr	archive	false	2025-07-04 13:00	2025-07-04 17:00
abendessen - doner	archive	false	2025-07-04 17:00	2025-07-04 18:00
wine taste fest mit wg	archive	false	2025-07-04 22:00	2025-07-05 00:00
water tomato plants	archive	false	2025-07-05 00:00	2025-07-05 01:00
sleep	sleep	false	2025-07-05 02:00	2025-07-05 06:00
sleep	sleep	false	2025-07-05 06:00	2025-07-05 09:00
frühstück	archive	false	2025-07-05 09:00	2025-07-05 10:00
abendessen	archive	false	2025-07-05 15:00	2025-07-05 16:30
sleep	sleep	false	2025-07-05 17:00	2025-07-05 20:00
dllab proje 40/40 hr	archive	false	2025-07-05 21:00	2025-07-05 23:00
water tomato plants	archive	false	2025-07-05 23:00	2025-07-06 00:00
sleep	sleep	false	2025-07-06 03:00	2025-07-06 06:00
sleep	sleep	false	2025-07-06 06:00	2025-07-06 09:30
lavender run club 5k	archive	false	2025-07-06 10:30	2025-07-06 12:00
gym	archive	false	2025-07-06 12:00	2025-07-06 13:00
mittagessen	archive	false	2025-07-06 13:00	2025-07-06 14:00
facetime borofil	archive	false	2025-07-06 16:30	2025-07-06 17:30
seepark mit jannis	archive	false	2025-07-06 19:30	2025-07-06 20:30
abendessen	archive	false	2025-07-06 21:00	2025-07-06 22:00
sleep	sleep	false	2025-07-07 00:00	2025-07-07 06:00
sleep	sleep	false	2025-07-07 06:00	2025-07-07 09:00
spr - l	archive	false	2025-07-07 10:00	2025-07-07 12:00
mittagessen	archive	false	2025-07-07 12:30	2025-07-07 13:30
adl - l	archive	false	2025-07-07 14:00	2025-07-07 16:00
spr - e	archive	false	2025-07-07 16:00	2025-07-07 17:00
abendessen	archive	false	2025-07-07 17:00	2025-07-07 18:00
Ausdauersport Dauerlauf in 3 Gruppen, w/m/d	archive	false	2025-07-07 19:00	2025-07-07 20:30
sleep	sleep	false	2025-07-08 00:00	2025-07-08 06:00
sleep	sleep	false	2025-07-08 06:00	2025-07-08 07:30
morgenkurs A2.2	archive	false	2025-07-08 08:30	2025-07-08 10:00
nano	archive	false	2025-07-08 10:00	2025-07-08 11:00
mittagessen - doner	archive	false	2025-07-08 11:00	2025-07-08 12:00
nano	archive	false	2025-07-08 12:00	2025-07-08 13:00
mittagessen - mensa	archive	false	2025-07-08 13:00	2025-07-08 14:00
nano	archive	false	2025-07-08 14:00	2025-07-08 17:00
Mobility/Beweglichkeits-Kurs	archive	false	2025-07-08 18:30	2025-07-08 19:30
abendessen	archive	false	2025-07-08 20:00	2025-07-08 21:00
threew stuff	archive	false	2025-07-09 00:30	2025-07-09 01:30
sleep	sleep	false	2025-07-09 01:30	2025-07-09 03:00
sleep	sleep	false	2025-07-09 03:00	2025-07-09 07:00
sleep	sleep	false	2025-07-09 07:00	2025-07-09 08:00
frühstück	archive	false	2025-07-09 08:00	2025-07-09 09:00
nano	archive	false	2025-07-09 09:00	2025-07-09 12:30
mittagessen mit utajor	archive	false	2025-07-09 12:30	2025-07-09 13:30
nano	archive	false	2025-07-09 13:30	2025-07-09 16:00
Ausdauersport Tempotraining Stretching und Stabilisation	archive	false	2025-07-09 19:00	2025-07-09 20:30
seesplanschen mit wg	archive	false	2025-07-09 21:00	2025-07-09 22:00
alcohol mit wg	archive	false	2025-07-09 22:00	2025-07-10 00:00
abendessen	archive	false	2025-07-10 00:00	2025-07-10 01:00
sleep	sleep	false	2025-07-10 01:00	2025-07-10 02:30
sleep	sleep	false	2025-07-10 02:30	2025-07-10 06:30
morgenkurs A2.2	archive	false	2025-07-10 08:30	2025-07-10 10:00
rewe mit dorwal	archive	false	2025-07-10 10:30	2025-07-10 11:30
muffins mit dorwal	archive	false	2025-07-10 11:30	2025-07-10 14:00
mittagessen	archive	false	2025-07-10 14:00	2025-07-10 15:00
automl seminar	archive	false	2025-07-10 15:00	2025-07-10 16:00
sleep	sleep	false	2025-07-10 16:00	2025-07-10 18:30
abendessen	archive	false	2025-07-10 18:30	2025-07-10 19:30
falkenberger sommerfest	archive	false	2025-07-10 19:30	2025-07-11 00:00
seesplanschen mit wg	archive	false	2025-07-11 00:00	2025-07-11 01:00
sleep	sleep	false	2025-07-11 05:00	2025-07-11 07:00
sleep	sleep	false	2025-07-11 07:00	2025-07-11 08:30
sleep	sleep	false	2025-07-11 08:30	2025-07-11 10:00
adl - e	archive	false	2025-07-11 10:00	2025-07-11 12:00
nano	archive	false	2025-07-11 12:00	2025-07-11 15:30
nano	archive	false	2025-07-11 16:30	2025-07-11 18:30
abendessen	archive	false	2025-07-11 19:00	2025-07-11 20:00
nano	archive	false	2025-07-11 20:30	2025-07-11 22:00
chormunity - malina	archive	false	2025-07-11 22:30	2025-07-12 00:00
sleep	sleep	false	2025-07-12 02:30	2025-07-12 07:00
sleep	sleep	false	2025-07-12 07:00	2025-07-12 10:30
mittagessen - doner	archive	false	2025-07-12 13:30	2025-07-12 14:30
nano	archive	false	2025-07-12 14:30	2025-07-12 17:00
nano	archive	false	2025-07-12 18:00	2025-07-12 19:30
gym - core	archive	false	2025-07-12 20:00	2025-07-12 21:00
abendessen	archive	false	2025-07-12 21:00	2025-07-12 22:00
emma gift prep	archive	false	2025-07-13 00:00	2025-07-13 01:00
sleep	sleep	false	2025-07-13 02:00	2025-07-13 07:00
sleep	sleep	false	2025-07-13 07:00	2025-07-13 08:00
sleep	sleep	false	2025-07-13 08:00	2025-07-13 10:30
mittagessen - doner	archive	false	2025-07-13 11:30	2025-07-13 12:30
nano	archive	false	2025-07-13 13:00	2025-07-13 16:30
water break mit mathof	archive	false	2025-07-13 16:30	2025-07-13 17:30
nano	archive	false	2025-07-13 18:00	2025-07-13 19:30
abendessen	archive	false	2025-07-13 20:00	2025-07-13 21:00
facetime borofil	archive	false	2025-07-13 21:00	2025-07-13 22:00
sleep	sleep	false	2025-07-14 01:00	2025-07-14 07:00
sleep	sleep	false	2025-07-14 07:00	2025-07-14 09:30
spr - l	archive	false	2025-07-14 10:00	2025-07-14 12:00
mittagessen mit zerdag	archive	false	2025-07-14 12:00	2025-07-14 13:00
brox keynote	archive	false	2025-07-14 14:00	2025-07-14 16:00
spr - e	archive	false	2025-07-14 16:00	2025-07-14 17:00
Ausdauersport Dauerlauf in 3 Gruppen, w/m/d	archive	false	2025-07-14 18:30	2025-07-14 21:00
abendessen	archive	false	2025-07-14 22:00	2025-07-14 23:30
nano presentation 02	archive	false	2025-07-15 01:00	2025-07-15 05:00
sleep	sleep	false	2025-07-15 05:30	2025-07-15 07:00
sleep	sleep	false	2025-07-15 07:00	2025-07-15 08:30
sleep	sleep	false	2025-07-15 08:30	2025-07-15 10:00
axel meet 2	archive	false	2025-07-15 11:00	2025-07-15 12:00
automl watch week 11	archive	false	2025-07-15 13:00	2025-07-15 14:00
automl - l	archive	false	2025-07-15 14:00	2025-07-15 16:00
Mobility/Beweglichkeits-Kurs	archive	false	2025-07-15 18:30	2025-07-15 19:30
jost - bike	archive	false	2025-07-15 20:30	2025-07-15 21:30
abendessen	archive	false	2025-07-15 22:00	2025-07-15 23:00
sleep	sleep	false	2025-07-16 01:00	2025-07-16 04:30
sleep	sleep	false	2025-07-16 04:30	2025-07-16 07:00
sleep	sleep	false	2025-07-16 07:00	2025-07-16 09:00
wasche waschen	archive	false	2025-07-16 09:30	2025-07-16 10:30
buy bike lock	archive	false	2025-07-16 10:30	2025-07-16 11:30
mittagessen mit kutzer	archive	false	2025-07-16 11:30	2025-07-16 12:30
nano	archive	false	2025-07-16 13:00	2025-07-16 16:00
wg tour mit ayoub	archive	false	2025-07-16 17:00	2025-07-16 18:00
Ausdauersport Tempotraining Stretching und Stabilisation	archive	false	2025-07-16 18:30	2025-07-16 20:30
abendessen	archive	false	2025-07-16 21:30	2025-07-16 22:30
deutsch ha mit dorwal	archive	false	2025-07-16 22:30	2025-07-16 23:30
sleep	sleep	false	2025-07-17 02:30	2025-07-17 07:00
morgenkurs A2.2	archive	false	2025-07-17 08:30	2025-07-17 10:00
nano	archive	false	2025-07-17 10:30	2025-07-17 11:30
mittagessen mit kutzer	archive	false	2025-07-17 11:30	2025-07-17 12:30
nano	archive	false	2025-07-17 12:30	2025-07-17 14:30
return shoes	archive	false	2025-07-17 14:30	2025-07-17 15:30
turkce syllabus update	archive	false	2025-07-17 16:00	2025-07-17 17:00
turkce ders 8	archive	false	2025-07-17 17:00	2025-07-17 18:00
turkce ders 9	archive	false	2025-07-17 18:00	2025-07-17 19:00
menemen groceries	archive	false	2025-07-17 19:30	2025-07-17 20:30
abendessen - menemen	archive	false	2025-07-17 20:30	2025-07-17 22:00
sleep	sleep	false	2025-07-18 01:30	2025-07-18 05:00
residence permit	archive	false	2025-07-18 05:30	2025-07-18 08:00
nano	archive	false	2025-07-18 06:30	2025-07-18 07:30
skate sesh	archive	false	2025-07-18 08:00	2025-07-18 09:00
adl - e	archive	false	2025-07-18 10:00	2025-07-18 12:00
mittagessen - tf	archive	false	2025-07-18 12:00	2025-07-18 13:00
nano	archive	false	2025-07-18 13:00	2025-07-18 16:00
break mit malut	archive	false	2025-07-18 16:00	2025-07-18 17:00
abendessen - dumpling	archive	false	2025-07-18 17:00	2025-07-18 18:00
nano	archive	false	2025-07-18 19:00	2025-07-19 00:00
nano	archive	false	2025-07-19 01:00	2025-07-19 03:00
sleep	sleep	false	2025-07-19 03:30	2025-07-19 07:00
sleep	sleep	false	2025-07-19 07:00	2025-07-19 11:00
menemen	archive	false	2025-07-19 12:00	2025-07-19 13:00
groceries	archive	false	2025-07-19 13:00	2025-07-19 14:00
calendaring	archive	false	2025-07-19 15:00	2025-07-19 16:00
nano - merge	archive	false	2025-07-19 17:00	2025-07-19 19:00
abendessen - doner	archive	false	2025-07-19 19:00	2025-07-19 20:00
nano	archive	false	2025-07-19 20:00	2025-07-19 21:00
wp discussion	archive	false	2025-07-19 21:00	2025-07-19 22:00
facetime oro	archive	false	2025-07-19 22:30	2025-07-19 23:30
nano	archive	false	2025-07-20 01:00	2025-07-20 02:00
pools print spr exams	archive	false	2025-07-20 02:00	2025-07-20 03:00
sleep	sleep	false	2025-07-20 04:00	2025-07-20 08:00
brunch prep - menemen	archive	false	2025-07-20 10:00	2025-07-20 11:00
brunch mit wg	archive	false	2025-07-20 11:00	2025-07-20 13:30
spr exam analyse 	archive	false	2025-07-20 15:00	2025-07-20 18:00
automl proje 3/40 hr	archive	false	2025-07-20 18:00	2025-07-20 21:00
abendessen	archive	false	2025-07-20 21:30	2025-07-20 22:30
nano	archive	false	2025-07-20 22:30	2025-07-20 23:30
sleep	sleep	false	2025-07-21 02:00	2025-07-21 07:00
sleep	sleep	false	2025-07-21 07:00	2025-07-21 08:00
sleep	sleep	false	2025-07-21 08:00	2025-07-21 09:30
spr - l	archive	false	2025-07-21 10:00	2025-07-21 12:00
mittagessen - tf	archive	false	2025-07-21 12:00	2025-07-21 13:00
automl proje 4/40 hr	archive	false	2025-07-21 13:00	2025-07-21 14:00
nano - merge	archive	false	2025-07-21 14:00	2025-07-21 15:00
automl proje 5/40 hr	archive	false	2025-07-21 15:00	2025-07-21 16:00
spr - e	archive	false	2025-07-21 16:00	2025-07-21 17:00
abendessen	archive	false	2025-07-21 17:00	2025-07-21 18:00
automl proje 7/40 hr	archive	false	2025-07-21 20:00	2025-07-21 22:00
prüfung lernen	archive	false	2025-07-21 22:00	2025-07-22 00:00
sleep	sleep	false	2025-07-22 01:00	2025-07-22 02:30
sleep	sleep	false	2025-07-22 02:30	2025-07-22 05:00
sleep	sleep	false	2025-07-22 05:00	2025-07-22 07:00
sleep	sleep	false	2025-07-22 07:00	2025-07-22 08:00
morgenkurs A2.2	archive	false	2025-07-22 08:30	2025-07-22 10:00
mittagessen - tf	archive	false	2025-07-22 11:00	2025-07-22 12:00
automl proje 9/40 hr	archive	false	2025-07-22 12:00	2025-07-22 14:00
automl - l	archive	false	2025-07-22 14:00	2025-07-22 16:00
nano presentation 03	archive	false	2025-07-22 16:00	2025-07-22 17:00
groceries	archive	false	2025-07-22 17:00	2025-07-22 18:00
abendessen	archive	false	2025-07-22 18:00	2025-07-22 19:00
automl proje 13/40 hr	archive	false	2025-07-22 20:00	2025-07-23 00:00
automl proje 15/40 hr	archive	false	2025-07-23 00:00	2025-07-23 02:00
sleep	sleep	false	2025-07-23 03:00	2025-07-23 07:00
sleep	sleep	false	2025-07-23 07:00	2025-07-23 08:00
automl proje 17/40 hr	archive	false	2025-07-23 09:00	2025-07-23 11:00
mittagessen - tf	archive	false	2025-07-23 11:00	2025-07-23 12:00
automl proje 18/40 hr	archive	false	2025-07-23 12:00	2025-07-23 13:00
axel meet 3	archive	false	2025-07-23 13:00	2025-07-23 14:00
nano - meeting review	archive	false	2025-07-23 14:00	2025-07-23 15:00
gym	archive	false	2025-07-23 16:00	2025-07-23 17:00
shower & laundries	archive	false	2025-07-23 17:00	2025-07-23 18:00
abendessen	archive	false	2025-07-23 18:00	2025-07-23 19:00
muffin backen	archive	false	2025-07-23 22:00	2025-07-24 00:00
nano	archive	false	2025-07-24 01:00	2025-07-24 03:00
sleep	sleep	false	2025-07-24 04:00	2025-07-24 07:00
sleep	sleep	false	2025-07-24 07:00	2025-07-24 08:00
morgenkurs A2.2	archive	false	2025-07-24 08:30	2025-07-24 10:30
mittagessen - tf	archive	false	2025-07-24 11:00	2025-07-24 12:00
nano	archive	false	2025-07-24 12:00	2025-07-24 13:00
automl proje 19/40 hr	archive	false	2025-07-24 13:00	2025-07-24 14:00
automl - e	archive	false	2025-07-24 14:00	2025-07-24 16:00
rewe kakao	archive	false	2025-07-24 16:00	2025-07-24 17:00
nano	archive	false	2025-07-24 17:00	2025-07-24 19:00
sleep	sleep	false	2025-07-24 19:00	2025-07-24 22:00
abendessen	archive	false	2025-07-24 23:00	2025-07-25 00:00
sleep	sleep	false	2025-07-25 02:00	2025-07-25 07:00
sleep	sleep	false	2025-07-25 07:00	2025-07-25 08:30
adl - e - panel	archive	false	2025-07-25 10:00	2025-07-25 12:00
mittagessen - tf	archive	false	2025-07-25 12:00	2025-07-25 13:00
automl proje 22/40 hr	archive	false	2025-07-25 14:00	2025-07-25 16:00
automl proje 25/40 hr	archive	false	2025-07-25 17:00	2025-07-25 20:00
abendessen	archive	false	2025-07-25 20:00	2025-07-25 21:00
automl proje 27/40 hr	archive	false	2025-07-25 22:00	2025-07-26 00:00
automl proje 28/40 hr	archive	false	2025-07-26 00:00	2025-07-26 01:00
sleep	sleep	false	2025-07-26 01:00	2025-07-26 05:00
sleep	sleep	false	2025-07-26 05:00	2025-07-26 07:00
sleep	sleep	false	2025-07-26 07:00	2025-07-26 08:30
automl proje 31/40 hr	archive	false	2025-07-26 09:00	2025-07-26 12:00
mittagessen	archive	false	2025-07-26 12:00	2025-07-26 13:00
automl proje 35/40 hr	archive	false	2025-07-26 13:00	2025-07-26 17:00
abendessen	archive	false	2025-07-26 17:00	2025-07-26 18:00
automl proje 36/40 hr	archive	false	2025-07-26 18:00	2025-07-26 19:00
swim in seepark	archive	false	2025-07-26 20:00	2025-07-26 21:00
sleep	sleep	false	2025-07-27 02:00	2025-07-27 07:00
sleep	sleep	false	2025-07-27 07:00	2025-07-27 10:00
frühstück	archive	false	2025-07-27 10:00	2025-07-27 11:00
nano - save loss	archive	false	2025-07-27 13:00	2025-07-27 16:00
tea mit emma	archive	false	2025-07-27 17:30	2025-07-27 18:30
spr drop exam	archive	false	2025-07-27 22:00	2025-07-27 23:00
sleep	sleep	false	2025-07-28 00:00	2025-07-28 04:00
sleep	sleep	false	2025-07-28 04:00	2025-07-28 07:00
sleep	sleep	false	2025-07-28 07:00	2025-07-28 08:00
nano - save loss	archive	false	2025-07-28 10:00	2025-07-28 12:00
mittagessen - tf	archive	false	2025-07-28 12:30	2025-07-28 13:30
adl - exam info	archive	false	2025-07-28 14:00	2025-07-28 15:00
nano - train visualisation	archive	false	2025-07-28 18:00	2025-07-28 19:00
nano - train visualisation	archive	false	2025-07-28 21:00	2025-07-29 00:00
nano - train visualisation	archive	false	2025-07-29 00:00	2025-07-29 02:00
sleep	sleep	false	2025-07-29 02:00	2025-07-29 07:00
sleep	sleep	false	2025-07-29 07:00	2025-07-29 09:00
nano - train visualisation	archive	false	2025-07-29 10:00	2025-07-29 11:00
mittagessen - tf	archive	false	2025-07-29 11:00	2025-07-29 12:00
nano - poster	archive	false	2025-07-29 12:00	2025-07-29 18:00
abendessen	archive	false	2025-07-29 19:00	2025-07-29 20:00
sleep	sleep	false	2025-07-30 02:00	2025-07-30 07:00
sleep	sleep	false	2025-07-30 07:00	2025-07-30 08:30
mittagessen - tf	archive	false	2025-07-30 13:00	2025-07-30 14:00
automl proje 37/40 hr	archive	false	2025-07-30 14:00	2025-07-30 15:00
taughts after zer storms	archive	false	2025-07-30 15:00	2025-07-30 16:00
automl proje 38/40 hr	archive	false	2025-07-30 19:00	2025-07-30 20:00
teeabend mit evso	archive	false	2025-07-30 20:30	2025-07-30 23:00
sleep	sleep	false	2025-07-31 02:00	2025-07-31 07:00
sleep	sleep	false	2025-07-31 07:00	2025-07-31 09:00
falkenberger docs	archive	false	2025-07-31 10:00	2025-07-31 11:00
mittagessen - tf	archive	false	2025-07-31 11:00	2025-07-31 12:00
automl proje 39/40 hr	archive	false	2025-07-31 12:00	2025-07-31 13:00
automl - e	archive	false	2025-07-31 14:00	2025-07-31 15:00
swfr & enrollment	archive	false	2025-07-31 15:00	2025-07-31 16:00
automl proje 40/40 hr	archive	false	2025-07-31 18:00	2025-07-31 19:00
auto - pre	archive	false	2025-07-31 19:00	2025-07-31 21:00
ajet kaufen	archive	false	2025-07-31 21:00	2025-07-31 22:00
abendessen - doner	archive	false	2025-07-31 22:00	2025-07-31 23:00
auto - pre	archive	false	2025-08-01 00:00	2025-08-01 01:00
sleep	sleep	false	2025-08-01 02:00	2025-08-01 07:00
sleep	sleep	false	2025-08-01 07:00	2025-08-01 08:00
auto - pre	archive	false	2025-08-01 09:00	2025-08-01 12:00
mittagessen - tf	archive	false	2025-08-01 12:30	2025-08-01 13:30
einstufungstest – BFA	archive	false	2025-08-01 14:00	2025-08-01 16:00
abendessen	archive	false	2025-08-01 16:30	2025-08-01 17:30
ronja goodbye	archive	false	2025-08-01 22:30	2025-08-02 00:00
sleep	sleep	false	2025-08-02 02:00	2025-08-02 07:00
sleep	sleep	false	2025-08-02 07:00	2025-08-02 10:00
mittagessen - rampart	archive	false	2025-08-02 11:30	2025-08-02 12:30
mate mit kutkar	archive	false	2025-08-02 13:30	2025-08-02 14:30
poster talks	archive	false	2025-08-02 14:30	2025-08-02 15:30
auto - integration	archive	false	2025-08-02 20:00	2025-08-02 22:00
abendessen	archive	false	2025-08-02 22:00	2025-08-02 23:00
sleep	sleep	false	2025-08-03 02:00	2025-08-03 06:00
sleep	sleep	false	2025-08-03 06:00	2025-08-03 07:00
sleep	sleep	false	2025-08-03 07:00	2025-08-03 09:30
mittagessen - doner	archive	false	2025-08-03 12:00	2025-08-03 13:00
auto - back pre	archive	false	2025-08-03 13:00	2025-08-03 17:00
auto - oof	archive	false	2025-08-03 17:00	2025-08-03 18:00
auto - bagged preds	archive	false	2025-08-03 18:00	2025-08-03 19:00
auto - kutay recap	archive	false	2025-08-03 19:00	2025-08-03 20:00
auto - weighted agg	archive	false	2025-08-03 20:30	2025-08-03 21:30
nano - poster	archive	false	2025-08-03 22:30	2025-08-03 23:30
sleep	sleep	false	2025-08-04 01:00	2025-08-04 06:30
sleep	sleep	false	2025-08-04 06:30	2025-08-04 09:00
nano - ticl bench	archive	false	2025-08-04 10:30	2025-08-04 11:30
nano - poster	archive	false	2025-08-04 11:30	2025-08-04 13:30
axel meet 4	archive	false	2025-08-04 14:00	2025-08-04 15:30
facetime abbie	archive	false	2025-08-04 15:30	2025-08-04 16:30
abendessen	archive	false	2025-08-04 17:00	2025-08-04 18:00
groceries 	archive	false	2025-08-04 21:00	2025-08-04 22:00
nano - meeting review	archive	false	2025-08-05 06:00	2025-08-05 07:00
sleep	sleep	false	2025-08-05 07:00	2025-08-05 10:00
sleep	sleep	false	2025-08-05 10:00	2025-08-05 12:00
shower	archive	false	2025-08-05 12:00	2025-08-05 13:00
mittagessen - tf	archive	false	2025-08-05 13:00	2025-08-05 14:00
nano - poster	archive	false	2025-08-05 14:00	2025-08-05 15:00
auto - merge	archive	false	2025-08-05 15:00	2025-08-05 16:00
auto - experiment script	archive	false	2025-08-05 17:00	2025-08-05 19:00
abendessen	archive	false	2025-08-05 19:00	2025-08-05 20:00
auto - experiment script	archive	false	2025-08-05 20:00	2025-08-05 22:00
auto - run experiment	archive	false	2025-08-05 22:00	2025-08-06 00:00
auto - print experiments	archive	false	2025-08-06 00:30	2025-08-06 01:30
auto - migration	archive	false	2025-08-06 01:30	2025-08-06 02:30
sleep	sleep	false	2025-08-06 03:30	2025-08-06 07:00
sleep	sleep	false	2025-08-06 07:00	2025-08-06 08:00
auto - run experiment	archive	false	2025-08-06 10:00	2025-08-06 11:00
mittagessen - doner	archive	false	2025-08-06 11:00	2025-08-06 12:00
auto - poster	archive	false	2025-08-06 14:00	2025-08-06 15:00
poster work	archive	false	2025-08-06 17:00	2025-08-06 21:00
dllab SUBMISSION	archive	false	2025-08-06 21:00	2025-08-06 22:00
automl SUBMISSION	archive	false	2025-08-06 22:00	2025-08-06 23:00
sleep	sleep	false	2025-08-07 02:00	2025-08-07 07:00
sleep	sleep	false	2025-08-07 07:00	2025-08-07 10:00
errands	archive	false	2025-08-07 11:00	2025-08-07 12:00
mittagessen - tf	archive	false	2025-08-07 12:00	2025-08-07 13:00
errands	archive	false	2025-08-07 13:00	2025-08-07 14:00
abendessen	archive	false	2025-08-07 19:00	2025-08-07 20:00
fourf	archive	false	2025-08-07 23:00	2025-08-08 00:00
sleep	sleep	false	2025-08-08 02:00	2025-08-08 07:00
sleep	sleep	false	2025-08-08 07:00	2025-08-08 10:00
sleep	sleep	false	2025-08-08 10:00	2025-08-08 12:00
mittagessen - tf	archive	false	2025-08-08 12:30	2025-08-08 13:30
adl example exam	archive	false	2025-08-08 14:00	2025-08-08 17:00
schwimmen mit jungs	archive	false	2025-08-08 17:30	2025-08-08 19:00
bbq	archive	false	2025-08-08 20:30	2025-08-08 23:00
schwimmen mit jungs	archive	false	2025-08-08 23:00	2025-08-09 00:00
sleep	sleep	false	2025-08-09 01:00	2025-08-09 05:30
adl example exam	archive	false	2025-08-09 08:00	2025-08-09 12:00
mittagessen - rempart	archive	false	2025-08-09 12:00	2025-08-09 13:00
adl example exam	archive	false	2025-08-09 13:00	2025-08-09 15:00
adl 06 online	archive	false	2025-08-09 16:00	2025-08-09 20:00
adl kahoots	archive	false	2025-08-09 21:00	2025-08-09 23:00
abendessen	archive	false	2025-08-09 23:00	2025-08-10 00:00
sleep	sleep	false	2025-08-10 01:00	2025-08-10 07:00
sleep	sleep	false	2025-08-10 07:00	2025-08-10 09:00
frühstück	archive	false	2025-08-10 09:00	2025-08-10 10:00
adl 08 mp4	archive	false	2025-08-10 10:00	2025-08-10 12:00
adl 09 online	archive	false	2025-08-10 12:00	2025-08-10 14:00
adl 10 mp4	archive	false	2025-08-10 14:00	2025-08-10 15:00
coffee mit mats	archive	false	2025-08-10 15:00	2025-08-10 16:00
adl 10 mp4	archive	false	2025-08-10 16:00	2025-08-10 17:00
adl 05 mp4	archive	false	2025-08-10 17:00	2025-08-10 19:00
abendessen	archive	false	2025-08-10 19:00	2025-08-10 20:00
adl example exam	archive	false	2025-08-10 21:00	2025-08-10 22:00
adl 02 mp4	archive	false	2025-08-10 22:00	2025-08-11 00:00
sleep	sleep	false	2025-08-11 01:00	2025-08-11 07:00
sleep	sleep	false	2025-08-11 07:00	2025-08-11 09:00
frühstück	archive	false	2025-08-11 09:00	2025-08-11 10:00
adl 02 mp4	archive	false	2025-08-11 12:00	2025-08-11 13:00
adl 03 mp4	archive	false	2025-08-11 14:00	2025-08-11 16:00
mittagessen	archive	false	2025-08-11 16:00	2025-08-11 17:00
adl 04 mp4	archive	false	2025-08-11 17:00	2025-08-11 18:00
sleep	sleep	false	2025-08-11 18:00	2025-08-11 21:30
adl 04 mp4	archive	false	2025-08-11 22:00	2025-08-11 23:00
adl example exam	archive	false	2025-08-11 23:00	2025-08-12 00:00
sleep	sleep	false	2025-08-12 02:00	2025-08-12 05:00
sleep	sleep	false	2025-08-12 05:00	2025-08-12 07:00
automl POSTER	archive	false	2025-08-12 09:00	2025-08-12 12:00
mittagessen	archive	false	2025-08-12 12:00	2025-08-12 13:00
adl 07 -	archive	false	2025-08-12 14:00	2025-08-12 17:00
adl 08 mp4 recap	archive	false	2025-08-12 17:00	2025-08-12 18:00
adl 08 -	archive	false	2025-08-12 18:00	2025-08-12 19:00
adl 09 online	archive	false	2025-08-12 20:00	2025-08-12 22:00
adl example exam	archive	false	2025-08-12 22:00	2025-08-12 23:00
abendessen	archive	false	2025-08-12 23:00	2025-08-13 00:00
sleep	sleep	false	2025-08-13 01:00	2025-08-13 05:00
sleep	sleep	false	2025-08-13 05:00	2025-08-13 07:00
sleep	sleep	false	2025-08-13 07:00	2025-08-13 08:30
adl 03 mp4	archive	false	2025-08-13 09:30	2025-08-13 11:30
mittagessen	archive	false	2025-08-13 11:30	2025-08-13 12:30
adl 04 mp4	archive	false	2025-08-13 14:00	2025-08-13 16:00
adl notes recap	archive	false	2025-08-13 16:00	2025-08-13 17:00
adl 10 mp4	archive	false	2025-08-13 17:00	2025-08-13 19:00
adl 02 qs	archive	false	2025-08-13 19:00	2025-08-13 20:00
adl 03 & 04 qs	archive	false	2025-08-13 20:00	2025-08-13 21:00
adl 05 qs	archive	false	2025-08-13 21:00	2025-08-13 22:00
abendessen	archive	false	2025-08-13 22:00	2025-08-13 23:00
sleep	sleep	false	2025-08-14 02:00	2025-08-14 07:00
sleep	sleep	false	2025-08-14 07:00	2025-08-14 09:00
adl 06 qs	archive	false	2025-08-14 10:00	2025-08-14 11:00
mittagessen	archive	false	2025-08-14 11:00	2025-08-14 12:00
adl 07 qs	archive	false	2025-08-14 12:00	2025-08-14 13:00
adl 08 qs	archive	false	2025-08-14 14:00	2025-08-14 15:00
adl 09 qs	archive	false	2025-08-14 15:00	2025-08-14 16:00
adl 10 qs	archive	false	2025-08-14 16:00	2025-08-14 17:00
abendessen	archive	false	2025-08-14 20:00	2025-08-14 21:00
guiness mit timon	archive	false	2025-08-14 21:00	2025-08-14 22:00
adl kahoots	archive	false	2025-08-14 22:00	2025-08-14 23:00
adl blue text scan	archive	false	2025-08-14 23:00	2025-08-15 00:00
sleep	sleep	false	2025-08-15 02:30	2025-08-15 06:30
adl recap info	archive	false	2025-08-15 07:30	2025-08-15 08:30
adl EXAM	archive	false	2025-08-15 09:00	2025-08-15 11:00
run	archive	false	2025-08-15 12:30	2025-08-15 13:30
self care	archive	false	2025-08-15 13:30	2025-08-15 15:00
mittagessen	archive	false	2025-08-15 15:00	2025-08-15 16:00
aufräumen	archive	false	2025-08-15 16:30	2025-08-15 19:30
dreisem mit jungs	archive	false	2025-08-15 20:00	2025-08-15 23:00
sleep	sleep	false	2025-08-16 00:00	2025-08-16 04:30
frühstück	archive	false	2025-08-16 05:00	2025-08-16 06:00
qwerty	archive	false	2025-08-16 08:00	2025-08-16 09:00
PFNs	archive	false	2025-08-16 10:00	2025-08-16 11:00
muller	archive	false	2025-08-16 11:00	2025-08-16 12:00
mittagessen - mensa	archive	false	2025-08-16 12:00	2025-08-16 13:00
PFNs	archive	false	2025-08-16 16:00	2025-08-16 17:00
PFNs	archive	false	2025-08-16 18:00	2025-08-16 20:00
PFNs	archive	false	2025-08-16 21:00	2025-08-16 22:00
abendessen	archive	false	2025-08-16 22:30	2025-08-16 23:30
sleep	sleep	false	2025-08-17 00:00	2025-08-17 05:30
sleep	sleep	false	2025-08-17 05:30	2025-08-17 07:00
skate sesh	archive	false	2025-08-17 07:00	2025-08-17 08:00
qwerty	archive	false	2025-08-17 08:00	2025-08-17 09:00
PFNs	archive	false	2025-08-17 10:00	2025-08-17 12:00
mittagessen	archive	false	2025-08-17 12:00	2025-08-17 13:00
PFNs	archive	false	2025-08-17 13:00	2025-08-17 14:00
PFNs	archive	false	2025-08-17 16:00	2025-08-17 18:00
gym	archive	false	2025-08-17 19:00	2025-08-17 20:00
nrc 10k w6 speed run	archive	false	2025-08-17 20:00	2025-08-17 21:00
self care	archive	false	2025-08-17 21:00	2025-08-17 22:00
abendessen	archive	false	2025-08-17 22:00	2025-08-17 23:00
sleep	sleep	false	2025-08-18 00:00	2025-08-18 06:00
skate sesh	archive	false	2025-08-18 06:30	2025-08-18 07:30
qwerty	archive	false	2025-08-18 08:00	2025-08-18 09:00
pfns recreation	archive	false	2025-08-18 10:00	2025-08-18 11:00
mittagessen	archive	false	2025-08-18 11:00	2025-08-18 12:00
gym	archive	false	2025-08-18 19:00	2025-08-18 20:00
nrc 10k w6 recovery run	archive	false	2025-08-18 20:00	2025-08-18 21:00
abendessen	archive	false	2025-08-18 21:30	2025-08-18 22:30
elon musk	archive	false	2025-08-18 22:30	2025-08-18 23:30
sleep	sleep	false	2025-08-19 00:00	2025-08-19 06:30
frühstück	archive	false	2025-08-19 06:30	2025-08-19 07:30
qwerty	archive	false	2025-08-19 07:30	2025-08-19 08:30
nano	archive	false	2025-08-19 09:00	2025-08-19 11:00
mittagessen	archive	false	2025-08-19 12:30	2025-08-19 13:30
gym	archive	false	2025-08-19 17:00	2025-08-19 18:00
abendessen	archive	false	2025-08-19 18:30	2025-08-19 19:30
sleep	sleep	false	2025-08-20 00:00	2025-08-20 07:00
sleep	sleep	false	2025-08-20 07:00	2025-08-20 09:30
qwerty	archive	false	2025-08-20 10:30	2025-08-20 11:30
nano 	archive	false	2025-08-20 11:30	2025-08-20 12:30
mittagessen	archive	false	2025-08-20 12:30	2025-08-20 13:30
gym	archive	false	2025-08-20 14:00	2025-08-20 15:00
schwimmen mit jannis	archive	false	2025-08-20 15:00	2025-08-20 16:00
abendessen	archive	false	2025-08-20 17:00	2025-08-20 18:00
elon musk	archive	false	2025-08-20 21:00	2025-08-20 23:30
sleep	sleep	false	2025-08-21 00:30	2025-08-21 07:00
sleep	sleep	false	2025-08-21 07:00	2025-08-21 09:00
frühstück	archive	false	2025-08-21 09:00	2025-08-21 10:00
qwerty	archive	false	2025-08-21 10:30	2025-08-21 11:30
nano 	archive	false	2025-08-21 12:00	2025-08-21 13:00
mittagessen	archive	false	2025-08-21 13:00	2025-08-21 14:00
gym	archive	false	2025-08-21 19:00	2025-08-21 20:00
nrc 10k w6 long run	archive	false	2025-08-21 20:00	2025-08-21 21:00
abendessen	archive	false	2025-08-21 21:00	2025-08-21 22:00
guiness mit wg	archive	false	2025-08-21 22:00	2025-08-21 23:00
sleep	sleep	false	2025-08-22 00:30	2025-08-22 07:00
sleep	sleep	false	2025-08-22 07:00	2025-08-22 08:00
sleep	sleep	false	2025-08-22 08:30	2025-08-22 09:30
qwerty	archive	false	2025-08-22 10:30	2025-08-22 11:30
mittagessen	archive	false	2025-08-22 11:30	2025-08-22 12:30
nano 	archive	false	2025-08-22 12:30	2025-08-22 14:30
nano 	archive	false	2025-08-22 15:00	2025-08-22 16:00
fabian	archive	false	2025-08-22 16:00	2025-08-22 18:00
gym	archive	false	2025-08-22 18:00	2025-08-22 19:00
schwimmen	archive	false	2025-08-22 19:00	2025-08-22 20:00
abendessen	archive	false	2025-08-22 20:00	2025-08-22 21:00
elon musk	archive	false	2025-08-22 22:30	2025-08-23 00:00
sleep	sleep	false	2025-08-23 00:30	2025-08-23 07:00
sleep	sleep	false	2025-08-23 07:00	2025-08-23 08:30
qwerty	archive	false	2025-08-23 08:30	2025-08-23 09:30
fdl lecture 11	archive	false	2025-08-23 09:30	2025-08-23 11:00
nano 	archive	false	2025-08-23 11:00	2025-08-23 12:30
mittagessen	archive	false	2025-08-23 12:30	2025-08-23 13:30
tabPFN	archive	false	2025-08-23 13:30	2025-08-23 18:30
groceries	archive	false	2025-08-23 18:30	2025-08-23 19:30
nrc 10k w7 recovery run	archive	false	2025-08-23 20:00	2025-08-23 21:00
abendessen	archive	false	2025-08-23 21:00	2025-08-23 22:00
sleep	sleep	false	2025-08-24 01:30	2025-08-24 07:00
sleep	sleep	false	2025-08-24 07:00	2025-08-24 09:00
frühstück	archive	false	2025-08-24 09:00	2025-08-24 10:00
qwerty	archive	false	2025-08-24 10:00	2025-08-24 11:00
tabPFN	archive	false	2025-08-24 11:00	2025-08-24 14:00
tabPFNv2	archive	false	2025-08-24 15:00	2025-08-24 17:00
abendessen	archive	false	2025-08-24 18:00	2025-08-24 19:00
deutsch verben	archive	false	2025-08-24 23:00	2025-08-25 00:00
sleep	sleep	false	2025-08-25 01:00	2025-08-25 07:00
sleep	sleep	false	2025-08-25 07:00	2025-08-25 09:00
frühstück	archive	false	2025-08-25 09:00	2025-08-25 10:00
qwerty	archive	false	2025-08-25 10:30	2025-08-25 11:30
tabPFNv2	archive	false	2025-08-25 11:30	2025-08-25 13:30
tabPFNv2	archive	false	2025-08-25 14:00	2025-08-25 18:00
groceries	archive	false	2025-08-25 18:00	2025-08-25 19:00
gym	archive	false	2025-08-25 19:00	2025-08-25 20:00
nrc 10k w7 recovery run	archive	false	2025-08-25 20:00	2025-08-25 21:00
abendessen	archive	false	2025-08-25 21:30	2025-08-25 22:30
deutsch verben	archive	false	2025-08-26 02:00	2025-08-26 03:00
sleep	sleep	false	2025-08-26 04:00	2025-08-26 07:00
sleep	sleep	false	2025-08-26 07:00	2025-08-26 09:00
sleep	sleep	false	2025-08-26 10:00	2025-08-26 11:00
qwerty	archive	false	2025-08-26 11:00	2025-08-26 12:00
mittagessen	archive	false	2025-08-26 12:00	2025-08-26 13:00
groceries	archive	false	2025-08-26 14:00	2025-08-26 15:00
self care	archive	false	2025-08-26 16:00	2025-08-26 17:00
muffin backen	archive	false	2025-08-26 18:00	2025-08-26 20:00
abendessen	archive	false	2025-08-26 20:00	2025-08-26 21:00
self care	archive	false	2025-08-26 21:00	2025-08-26 22:00
nano 	archive	false	2025-08-27 00:00	2025-08-27 02:00
sleep	sleep	false	2025-08-27 03:00	2025-08-27 08:00
frühstück	archive	false	2025-08-27 09:00	2025-08-27 10:00
dllab POSTER	archive	false	2025-08-27 10:00	2025-08-27 12:00
mittagessen	archive	false	2025-08-27 12:30	2025-08-27 13:30
qwerty	archive	false	2025-08-27 13:30	2025-08-27 14:30
threew verben	archive	false	2025-08-27 14:30	2025-08-27 16:00
threew stuff	archive	false	2025-08-27 16:30	2025-08-27 18:00
schwimmen	archive	false	2025-08-27 19:00	2025-08-27 20:00
abendessen	archive	false	2025-08-27 20:00	2025-08-27 21:00
elon musk	archive	false	2025-08-27 23:00	2025-08-28 00:00
sleep	sleep	false	2025-08-28 00:30	2025-08-28 04:30
sleep	sleep	false	2025-08-28 04:30	2025-08-28 07:00
sleep	sleep	false	2025-08-28 07:00	2025-08-28 09:00
qwerty	archive	false	2025-08-28 09:30	2025-08-28 10:30
elon musk	archive	false	2025-08-28 10:30	2025-08-28 11:30
mittagessen	archive	false	2025-08-28 11:30	2025-08-28 12:30
coffee mit kutay	archive	false	2025-08-28 17:00	2025-08-28 18:00
sbo website	archive	false	2025-08-28 18:00	2025-08-28 19:00
gym	archive	false	2025-08-28 19:00	2025-08-28 20:00
nrc 10k w7 speed run	archive	false	2025-08-28 20:00	2025-08-28 21:00
abendessen	archive	false	2025-08-28 21:00	2025-08-28 22:00
sbo website	archive	false	2025-08-28 23:00	2025-08-29 00:00
sbo website	archive	false	2025-08-29 00:00	2025-08-29 02:00
sleep	sleep	false	2025-08-29 03:30	2025-08-29 07:00
sleep	sleep	false	2025-08-29 07:00	2025-08-29 09:00
sleep	sleep	false	2025-08-29 09:00	2025-08-29 10:30
qwerty	archive	false	2025-08-29 10:30	2025-08-29 11:30
mittagessen	archive	false	2025-08-29 11:30	2025-08-29 12:30
clean finder	archive	false	2025-08-29 12:30	2025-08-29 15:00
clean photos	archive	false	2025-08-29 15:00	2025-08-29 17:00
clean mac sticky notes	archive	false	2025-08-29 17:00	2025-08-29 19:00
gym	archive	false	2025-08-29 19:00	2025-08-29 20:00
nrc 10k w7 recovery run	archive	false	2025-08-29 20:00	2025-08-29 21:00
abendessen	archive	false	2025-08-29 21:30	2025-08-29 22:30
elon musk	archive	false	2025-08-29 23:00	2025-08-30 00:00
polytopia	archive	false	2025-08-30 01:00	2025-08-30 04:00
sleep	sleep	false	2025-08-30 04:00	2025-08-30 07:00
sleep	sleep	false	2025-08-30 07:00	2025-08-30 10:30
polytopia	archive	false	2025-08-30 10:30	2025-08-30 11:30
qwerty	archive	false	2025-08-30 13:00	2025-08-30 14:00
clean photos	archive	false	2025-08-30 14:00	2025-08-30 15:00
clean mac sticky notes	archive	false	2025-08-30 15:00	2025-08-30 16:00
polytopia	archive	false	2025-08-30 16:30	2025-08-30 18:30
abendessen	archive	false	2025-08-30 19:00	2025-08-30 20:00
jannis farewell beer	archive	false	2025-08-30 20:00	2025-08-31 00:00
clean ipad files	archive	false	2025-08-31 00:00	2025-08-31 01:00
sleep	sleep	false	2025-08-31 02:00	2025-08-31 05:00
frühstück	archive	false	2025-08-31 06:00	2025-08-31 07:00
skate sesh	archive	false	2025-08-31 07:00	2025-08-31 08:00
qwerty	archive	false	2025-08-31 08:30	2025-08-31 09:30
mittagessen	archive	false	2025-08-31 09:30	2025-08-31 10:30
hiwi - prep message 	archive	false	2025-08-31 10:30	2025-08-31 12:00
sleep	sleep	false	2025-08-31 18:00	2025-08-31 19:30
schwimmen	archive	false	2025-08-31 19:30	2025-08-31 20:30
abendessen	archive	false	2025-08-31 21:00	2025-08-31 22:00
speedygerman	archive	false	2025-08-31 23:00	2025-09-01 00:00
sleep	sleep	false	2025-09-01 00:00	2025-09-01 05:00
sleep	sleep	false	2025-09-01 05:30	2025-09-01 07:00
sleep	sleep	false	2025-09-01 07:00	2025-09-01 09:00
hiwi - text axel	archive	false	2025-09-01 09:00	2025-09-01 10:00
frühstück	archive	false	2025-09-01 10:00	2025-09-01 11:00
mittagessen	archive	false	2025-09-01 13:00	2025-09-01 14:00
qwerty	archive	false	2025-09-01 14:00	2025-09-01 15:00
clean tabs	archive	false	2025-09-01 15:00	2025-09-01 18:00
groceries	archive	false	2025-09-01 18:00	2025-09-01 19:00
abendessen	archive	false	2025-09-01 19:00	2025-09-01 20:30
clean tabs	archive	false	2025-09-02 00:00	2025-09-02 02:00
sleep	sleep	false	2025-09-02 02:30	2025-09-02 06:30
sleep	sleep	false	2025-09-02 07:00	2025-09-02 11:00
hiwi - mail sven	archive	false	2025-09-02 11:00	2025-09-02 14:00
mittagessen	archive	false	2025-09-02 14:00	2025-09-02 15:00
qwerty	archive	false	2025-09-02 17:00	2025-09-02 18:00
clean tabs	archive	false	2025-09-02 18:00	2025-09-02 20:00
nano	archive	false	2025-09-02 20:00	2025-09-02 22:00
abendessen	archive	false	2025-09-02 22:00	2025-09-02 23:00
sleep	sleep	false	2025-09-03 01:30	2025-09-03 06:00
frühstück	archive	false	2025-09-03 06:30	2025-09-03 07:30
wandern - kandel	archive	false	2025-09-03 08:30	2025-09-03 16:00
qwerty	archive	false	2025-09-03 16:00	2025-09-03 17:00
abendessen	archive	false	2025-09-03 21:00	2025-09-03 22:00
elon musk	archive	false	2025-09-03 22:00	2025-09-03 23:00
speedygerman	archive	false	2025-09-03 23:00	2025-09-04 00:00
sleep	sleep	false	2025-09-04 02:00	2025-09-04 07:00
sleep	sleep	false	2025-09-04 07:00	2025-09-04 09:00
Tamim Asfour 	archive	false	2025-09-04 11:15	2025-09-04 12:15
mittagessen	archive	false	2025-09-04 13:00	2025-09-04 14:00
qwerty & speedygerman	archive	false	2025-09-04 14:00	2025-09-04 15:00
nano - download script	archive	false	2025-09-04 16:00	2025-09-04 19:00
nano - run pretrainings	archive	false	2025-09-04 19:00	2025-09-04 20:00
souvenirs	archive	false	2025-09-04 20:00	2025-09-04 21:00
abendessen	archive	false	2025-09-04 21:00	2025-09-04 22:00
kayıp kağıdı	archive	false	2025-09-04 22:00	2025-09-04 23:00
elon musk	archive	false	2025-09-04 23:00	2025-09-05 00:00
sleep	sleep	false	2025-09-05 03:00	2025-09-05 07:00
sleep	sleep	false	2025-09-05 07:00	2025-09-05 10:00
mittagessen	archive	false	2025-09-05 11:30	2025-09-05 12:30
freiburg souvenirs	archive	false	2025-09-05 12:30	2025-09-05 14:00
brief an emma	archive	false	2025-09-05 14:30	2025-09-05 15:30
brief an emma	archive	false	2025-09-05 16:00	2025-09-05 17:00
gym	archive	false	2025-09-05 17:00	2025-09-05 18:00
schwimmen	archive	false	2025-09-05 18:00	2025-09-05 19:00
abendessen	archive	false	2025-09-05 20:00	2025-09-05 21:00
packing	archive	false	2025-09-05 21:00	2025-09-06 00:00
packing	archive	false	2025-09-06 00:00	2025-09-06 02:00
sleep	sleep	false	2025-09-06 02:00	2025-09-06 06:00
packing	archive	false	2025-09-06 06:00	2025-09-06 07:00
airport bus	archive	false	2025-09-06 08:00	2025-09-06 09:00
threew - brief	archive	false	2025-09-06 10:00	2025-09-06 11:00
ajet	archive	false	2025-09-06 12:00	2025-09-06 16:00
abendessen mit borofil	archive	false	2025-09-06 17:00	2025-09-06 18:00
cay baklava at oma	archive	false	2025-09-06 18:00	2025-09-06 19:00
unpacking	archive	false	2025-09-06 20:00	2025-09-06 22:00
unpacking	archive	false	2025-09-06 23:00	2025-09-07 00:00
sleep	sleep	false	2025-09-07 01:30	2025-09-07 04:30
sleep	sleep	false	2025-09-07 04:30	2025-09-07 07:30
qwerty	archive	false	2025-09-07 09:00	2025-09-07 10:00
brunch mit aile	archive	false	2025-09-07 10:00	2025-09-07 14:00
kandıra	archive	false	2025-09-07 14:30	2025-09-07 21:30
abendessen	archive	false	2025-09-07 21:30	2025-09-07 22:30
sleep	sleep	false	2025-09-08 00:00	2025-09-08 06:00
sleep	sleep	false	2025-09-08 06:00	2025-09-08 07:00
frühstück	archive	false	2025-09-08 07:30	2025-09-08 08:30
saglık raporu	archive	false	2025-09-08 08:30	2025-09-08 09:30
axel meet final	archive	false	2025-09-08 11:00	2025-09-08 12:00
foto	archive	false	2025-09-08 12:00	2025-09-08 13:00
ehliyet kimlik	archive	false	2025-09-08 13:00	2025-09-08 14:00
turkcell	archive	false	2025-09-08 14:00	2025-09-08 15:00
borofil mobilya	archive	false	2025-09-08 15:00	2025-09-08 18:00
abendessen	archive	false	2025-09-08 18:00	2025-09-08 19:00
sleep	sleep	false	2025-09-09 01:00	2025-09-09 06:00
sleep	sleep	false	2025-09-09 06:00	2025-09-09 07:30
laufen mit tunc	archive	false	2025-09-09 09:00	2025-09-09 10:30
coffee mit tunc	archive	false	2025-09-09 10:30	2025-09-09 11:30
mittagessen	archive	false	2025-09-09 12:00	2025-09-09 13:00
speedygerman & qwerty	archive	false	2025-09-09 15:00	2025-09-09 16:00
borofil mobilya	archive	false	2025-09-09 16:30	2025-09-09 18:00
abendessen	archive	false	2025-09-09 18:00	2025-09-09 19:00
Apple Event	archive	false	2025-09-09 19:00	2025-09-09 20:00
coffee mit tos	archive	false	2025-09-09 20:00	2025-09-09 21:30
sleep	sleep	false	2025-09-10 00:00	2025-09-10 06:00
laufen mit cemo	archive	false	2025-09-10 06:30	2025-09-10 07:30
coffee mit cemo	archive	false	2025-09-10 07:30	2025-09-10 08:30
barancan	archive	false	2025-09-10 10:00	2025-09-10 11:00
mittagessen	archive	false	2025-09-10 12:00	2025-09-10 13:00
borofil mobilya	archive	false	2025-09-10 13:00	2025-09-10 15:30
catalca mit hh	archive	false	2025-09-10 17:00	2025-09-10 23:00
sleep	sleep	false	2025-09-11 00:00	2025-09-11 06:00
sleep	sleep	false	2025-09-11 06:00	2025-09-11 07:00
laufen	archive	false	2025-09-11 07:30	2025-09-11 08:30
frühstück mit hh	archive	false	2025-09-11 08:30	2025-09-11 09:30
mittagessen	archive	false	2025-09-11 11:30	2025-09-11 12:30
itü - göksel seçer	archive	false	2025-09-11 12:30	2025-09-11 13:30
abendessen	archive	false	2025-09-11 15:30	2025-09-11 16:30
coffee mit has kadro	archive	false	2025-09-11 20:00	2025-09-11 23:00
sleep	sleep	false	2025-09-12 00:00	2025-09-12 07:00
sleep	sleep	false	2025-09-12 07:00	2025-09-12 08:30
ka video mit emin 	archive	false	2025-09-12 10:00	2025-09-12 11:30
decathlon	archive	false	2025-09-12 11:30	2025-09-12 13:30
clean bikes	archive	false	2025-09-12 17:00	2025-09-12 18:00
abendessen at oma	archive	false	2025-09-12 18:00	2025-09-12 21:00
sailing prep	archive	false	2025-09-12 21:00	2025-09-12 23:00
sleep	sleep	false	2025-09-13 00:30	2025-09-13 04:00
sleep	sleep	false	2025-09-13 04:00	2025-09-13 06:30
laufen mit zerben	archive	false	2025-09-13 08:30	2025-09-13 09:30
coffee mit zerben	archive	false	2025-09-13 09:30	2025-09-13 11:30
kartpostal al	archive	false	2025-09-13 11:30	2025-09-13 12:30
abendessen	noise	false	2025-09-13 15:30	2025-09-13 16:30
sarap from enver	noise	false	2025-09-13 18:30	2025-09-13 19:30
coffee mit enver	noise	false	2025-09-13 19:30	2025-09-13 20:30
sleep	sleep	false	2025-09-14 00:00	2025-09-14 06:00
sleep	sleep	false	2025-09-14 06:00	2025-09-14 08:00
frühstück	noise	false	2025-09-14 08:00	2025-09-14 09:00
yelken	noise	false	2025-09-14 10:00	2025-09-14 16:00
bike adalar	noise	false	2025-09-14 16:00	2025-09-14 17:00
abendessen	noise	false	2025-09-14 18:00	2025-09-14 19:00
sutlac at oma	noise	false	2025-09-14 19:00	2025-09-14 20:00
eurobasket final	noise	false	2025-09-14 20:00	2025-09-14 22:00
sleep	sleep	false	2025-09-15 00:00	2025-09-15 06:00
sleep	sleep	false	2025-09-15 06:00	2025-09-15 08:30
frühstück	noise	false	2025-09-15 09:00	2025-09-15 10:00
coffee mit oma	noise	false	2025-09-15 11:00	2025-09-15 12:00
recap notebooks	signal	false	2025-09-15 12:30	2025-09-15 16:00
ice cream & sahan	noise	false	2025-09-15 17:00	2025-09-15 20:00
packing	noise	false	2025-09-15 21:00	2025-09-15 23:00
sleep	sleep	false	2025-09-16 00:00	2025-09-16 03:00
frühstück	noise	false	2025-09-16 04:00	2025-09-16 05:00
ajet	noise	false	2025-09-16 07:30	2025-09-16 11:00
mittagessen	noise	false	2025-09-16 11:30	2025-09-16 12:30
airport bus	noise	false	2025-09-16 13:00	2025-09-16 14:00
unpacking	noise	false	2025-09-16 14:30	2025-09-16 15:30
sleep	sleep	false	2025-09-17 00:00	2025-09-17 03:30
sleep	sleep	false	2025-09-17 03:30	2025-09-17 07:00
frühstück	noise	false	2025-09-17 07:00	2025-09-17 08:00
lies den brief von emma	noise	false	2025-09-17 08:00	2025-09-17 09:30
brief an emma	noise	false	2025-09-17 09:30	2025-09-17 12:00
mittagessen	noise	false	2025-09-17 12:00	2025-09-17 13:00
nano - weightfile buckets & architechture	signal	false	2025-09-17 13:30	2025-09-17 15:30
nrc 10k w7 long run	noise	false	2025-09-17 18:30	2025-09-17 19:30
abendessen	noise	false	2025-09-17 20:00	2025-09-17 21:00
elon musk	signal	false	2025-09-17 21:00	2025-09-18 00:00
elon musk	signal	false	2025-09-18 00:00	2025-09-18 02:00
sleep	sleep	false	2025-09-18 02:00	2025-09-18 05:30
sleep	sleep	false	2025-09-18 05:30	2025-09-18 07:00
sleep	sleep	false	2025-09-18 07:00	2025-09-18 08:30
git hygiene	signal	false	2025-09-18 10:00	2025-09-18 11:00
mittagessen	noise	false	2025-09-18 11:00	2025-09-18 12:00
setup uni mails	noise	false	2025-09-18 12:00	2025-09-18 13:00
lebensmittel - lidl	noise	false	2025-09-18 16:30	2025-09-18 17:30
gym - core	noise	false	2025-09-18 18:30	2025-09-18 20:00
abendessen	noise	false	2025-09-18 20:00	2025-09-18 21:00
hiwi - mail sven	signal	false	2025-09-18 21:00	2025-09-18 22:00
sleep	sleep	false	2025-09-19 00:00	2025-09-19 06:30
frühstück	noise	false	2025-09-19 06:30	2025-09-19 07:30
nano - add logging	signal	false	2025-09-19 09:00	2025-09-19 11:00
mittagessen	noise	false	2025-09-19 11:00	2025-09-19 12:00
nano - add logging	signal	false	2025-09-19 12:00	2025-09-19 14:30
snack - maultaschen 	noise	false	2025-09-19 15:30	2025-09-19 16:30
nano - merge pretrainings	signal	false	2025-09-19 16:30	2025-09-19 18:00
nrc 10k w8 recovery run	noise	false	2025-09-19 18:00	2025-09-19 19:00
gym - core	noise	false	2025-09-19 19:00	2025-09-19 20:00
abendessen	noise	false	2025-09-19 20:00	2025-09-19 21:00
sleep	sleep	false	2025-09-20 00:00	2025-09-20 06:00
frühstück	noise	false	2025-09-20 06:30	2025-09-20 07:30
tabPFN-ts	signal	false	2025-09-20 08:00	2025-09-20 11:00
mittagessen	noise	false	2025-09-20 11:00	2025-09-20 12:00
tabPFN-ts	signal	false	2025-09-20 12:00	2025-09-20 13:00
update macos	noise	false	2025-09-20 13:00	2025-09-20 14:00
nano - cleanup	signal	false	2025-09-20 15:00	2025-09-20 16:00
nano - infer arch	signal	false	2025-09-20 17:00	2025-09-20 18:00
nano - artifact management	signal	false	2025-09-20 18:00	2025-09-20 21:30
abendessen	noise	false	2025-09-20 22:00	2025-09-20 23:00
clean notability	noise	false	2025-09-20 23:00	2025-09-21 00:00
sleep	sleep	false	2025-09-21 00:00	2025-09-21 04:00
sleep	sleep	false	2025-09-21 04:00	2025-09-21 07:00
sleep	sleep	false	2025-09-21 07:00	2025-09-21 08:00
frühstück	noise	false	2025-09-21 08:00	2025-09-21 09:00
nano - clean up	signal	false	2025-09-21 10:30	2025-09-21 11:30
mittagessen	noise	false	2025-09-21 11:30	2025-09-21 12:30
nano - clean up	signal	false	2025-09-21 13:00	2025-09-21 17:30
nano - clean up	signal	false	2025-09-21 18:00	2025-09-21 19:00
abendessen - doner	noise	false	2025-09-21 19:00	2025-09-21 20:00
brief an emma	noise	false	2025-09-21 21:00	2025-09-21 22:00
fourf auf deutsch	noise	false	2025-09-21 22:00	2025-09-21 23:00
sleep	sleep	false	2025-09-22 00:00	2025-09-22 05:00
sleep	sleep	false	2025-09-22 05:00	2025-09-22 07:00
frühstück	noise	false	2025-09-22 07:30	2025-09-22 08:30
course booking	noise	false	2025-09-22 08:30	2025-09-22 09:30
threew - font issues	signal	false	2025-09-22 10:00	2025-09-22 11:30
nano - clean up	signal	false	2025-09-22 12:00	2025-09-22 14:00
lebensmittel - dm & rewe	noise	false	2025-09-22 16:00	2025-09-22 17:00
nrc 10k w8 speed run	noise	false	2025-09-22 17:30	2025-09-22 18:30
abendessen & tagesschau	noise	false	2025-09-22 19:00	2025-09-22 20:30
billion dollar code e 1	noise	false	2025-09-22 20:30	2025-09-22 22:30
steve jobs	signal	false	2025-09-22 22:30	2025-09-22 23:30
sleep	sleep	false	2025-09-23 00:00	2025-09-23 05:00
sleep	sleep	false	2025-09-23 05:00	2025-09-23 07:00
sleep	sleep	false	2025-09-23 07:00	2025-09-23 08:30
clean notability	noise	false	2025-09-23 08:30	2025-09-23 09:30
refactorise ipad	noise	false	2025-09-23 09:30	2025-09-23 10:30
clean notes	noise	false	2025-09-23 10:30	2025-09-23 12:00
mittagessen	noise	false	2025-09-23 12:30	2025-09-23 13:30
reply axel	signal	false	2025-09-23 13:30	2025-09-23 15:30
lockin	signal	false	2025-09-23 18:00	2025-09-23 19:00
abendessen & tagesschau	noise	false	2025-09-23 19:30	2025-09-23 20:30
billion dollar code e 2	noise	false	2025-09-23 20:30	2025-09-23 22:30
fourf auf deutsch	noise	false	2025-09-23 22:30	2025-09-23 23:30
sleep	sleep	false	2025-09-24 00:00	2025-09-24 05:00
sleep	sleep	false	2025-09-24 05:00	2025-09-24 07:00
sleep	sleep	false	2025-09-24 07:00	2025-09-24 08:00
frühstück	noise	false	2025-09-24 08:30	2025-09-24 09:30
sli register	signal	false	2025-09-24 11:00	2025-09-24 12:00
mittagessen mit jara	noise	false	2025-09-24 12:00	2025-09-24 13:00
calendaring	noise	false	2025-09-24 15:00	2025-09-24 16:00
nano - prepare slides	signal	false	2025-09-24 16:00	2025-09-24 19:00
abendessen - doner	noise	false	2025-09-24 19:00	2025-09-24 20:00
tagesschau	noise	false	2025-09-24 20:00	2025-09-24 21:00
billion dollar code e 3	noise	false	2025-09-24 21:00	2025-09-24 22:30
fourf auf deutsch	noise	false	2025-09-24 23:00	2025-09-25 00:00
nano - prepare slides	signal	false	2025-09-25 00:00	2025-09-25 01:00
sleep	sleep	false	2025-09-25 01:30	2025-09-25 06:00
frühstück	noise	false	2025-09-25 07:00	2025-09-25 08:00
limix	signal	false	2025-09-25 08:00	2025-09-25 09:00
nano - axel meet	signal	false	2025-09-25 09:00	2025-09-25 10:00
print ufrmasterplan	noise	false	2025-09-25 10:00	2025-09-25 11:00
mittagessen	noise	false	2025-09-25 11:00	2025-09-25 12:00
marlena nolte	signal	false	2025-09-25 13:30	2025-09-25 14:30
automl seminar	signal	false	2025-09-25 15:00	2025-09-25 16:00
abendessen	noise	false	2025-09-25 16:30	2025-09-25 17:30
schwimmen	noise	false	2025-09-25 18:30	2025-09-25 19:30
tagesschau	noise	false	2025-09-25 20:00	2025-09-25 21:00
billion dollar code e 4	noise	false	2025-09-25 21:00	2025-09-25 22:30
fourf auf deutsch	noise	false	2025-09-25 23:00	2025-09-26 00:00
sleep	sleep	false	2025-09-26 00:00	2025-09-26 03:00
sleep	sleep	false	2025-09-26 03:00	2025-09-26 07:00
frühstück	noise	false	2025-09-26 07:00	2025-09-26 08:00
sleep	sleep	false	2025-09-26 08:00	2025-09-26 12:00
mittagessen mit carmela	noise	false	2025-09-26 12:00	2025-09-26 13:00
nano - fullsupportbar	signal	false	2025-09-26 13:30	2025-09-26 17:00
lebensmittel - bananen	noise	false	2025-09-26 17:30	2025-09-26 18:30
nrc 10k w8 recovery run	noise	false	2025-09-26 18:30	2025-09-26 19:30
abendessen & tagesschau	noise	false	2025-09-26 20:00	2025-09-26 21:00
steve jobs	signal	false	2025-09-26 21:00	2025-09-26 23:00
fourf auf deutsch	noise	false	2025-09-26 23:00	2025-09-27 00:00
sleep	sleep	false	2025-09-27 05:00	2025-09-27 07:00
sleep	sleep	false	2025-09-27 07:00	2025-09-27 10:00
sleep	sleep	false	2025-09-27 10:00	2025-09-27 11:00
mittagessen	noise	false	2025-09-27 12:00	2025-09-27 13:00
abendessen	noise	false	2025-09-27 15:00	2025-09-27 16:30
irie surf	noise	false	2025-09-27 17:00	2025-09-27 19:30
tagesschau	noise	false	2025-09-27 19:30	2025-09-27 20:30
Im Namen der Wahrheit - Traue Niemandem	noise	false	2025-09-27 20:30	2025-09-27 22:00
fourf auf deutsch	noise	false	2025-09-27 22:00	2025-09-27 23:00
sleep	sleep	false	2025-09-28 01:00	2025-09-28 03:00
sleep	sleep	false	2025-09-28 03:00	2025-09-28 05:00
sleep	sleep	false	2025-09-28 05:00	2025-09-28 07:00
sleep	sleep	false	2025-09-28 07:00	2025-09-28 09:00
frühstück	noise	false	2025-09-28 09:30	2025-09-28 10:30
lavender run club 5k	noise	false	2025-09-28 11:30	2025-09-28 13:00
mittagessen	noise	false	2025-09-28 13:30	2025-09-28 14:30
nano - new repo	signal	false	2025-09-28 14:30	2025-09-28 17:00
nano - bucket borders	signal	false	2025-09-28 17:00	2025-09-28 19:30
nano - fullsupportbar 	signal	false	2025-09-28 19:30	2025-09-28 22:30
fourf auf deutsch	noise	false	2025-09-28 23:00	2025-09-29 00:00
nano - fullsupportbar 	signal	false	2025-09-29 00:00	2025-09-29 01:00
sleep	sleep	false	2025-09-29 01:30	2025-09-29 03:00
sleep	sleep	false	2025-09-29 03:00	2025-09-29 05:00
sleep	sleep	false	2025-09-29 05:00	2025-09-29 08:00
frühstück	noise	false	2025-09-29 08:00	2025-09-29 09:00
nano - fullsupportbar 	signal	false	2025-09-29 09:00	2025-09-29 12:00
mittagessen	noise	false	2025-09-29 12:00	2025-09-29 13:00
adl recap	signal	false	2025-09-29 13:00	2025-09-29 14:00
adl exam review	signal	false	2025-09-29 14:00	2025-09-29 15:55
packing	noise	false	2025-09-29 16:00	2025-09-29 19:00
tagesschau	noise	false	2025-09-29 20:00	2025-09-29 21:00
nano - fullsupportbar 	signal	false	2025-09-29 21:30	2025-09-29 22:30
packing	noise	false	2025-09-29 23:00	2025-09-30 00:00
packing	noise	false	2025-09-30 00:00	2025-09-30 01:00
sleep	sleep	false	2025-09-30 01:00	2025-09-30 03:30
sleep	sleep	false	2025-09-30 03:30	2025-09-30 07:00
frühstück	noise	false	2025-09-30 08:00	2025-09-30 09:00
apis placement test	signal	false	2025-09-30 09:00	2025-09-30 10:30
mittagessen	noise	false	2025-09-30 11:00	2025-09-30 12:00
nano - fullsupportbar 	signal	false	2025-09-30 12:00	2025-09-30 14:00
skate sesh mit franz	noise	false	2025-09-30 15:00	2025-09-30 17:00
abendessen & tagesschau	noise	false	2025-09-30 19:00	2025-09-30 21:00
nano - fullsupportbar 	signal	false	2025-09-30 22:30	2025-09-30 23:30
sleep	sleep	false	2025-10-01 01:00	2025-10-01 03:00
sleep	sleep	false	2025-10-01 03:00	2025-10-01 05:00
sleep	sleep	false	2025-10-01 05:00	2025-10-01 07:00
frühstück	noise	false	2025-10-01 08:00	2025-10-01 09:00
intensivkurs	signal	false	2025-10-01 09:00	2025-10-01 12:30
mittagessen	noise	false	2025-10-01 12:30	2025-10-01 13:30
unpacking	noise	false	2025-10-01 13:30	2025-10-01 18:30
abendessen & tagesschau	noise	false	2025-10-01 19:30	2025-10-01 20:30
nano - z bug	signal	false	2025-10-01 20:30	2025-10-01 21:30
sleep	sleep	false	2025-10-02 00:00	2025-10-02 02:00
sleep	sleep	false	2025-10-02 02:00	2025-10-02 05:00
sleep	sleep	false	2025-10-02 05:00	2025-10-02 08:00
intensivkurs	signal	false	2025-10-02 09:00	2025-10-02 12:30
nano - z bug	signal	false	2025-10-02 13:00	2025-10-02 14:00
lies den brief von emma	noise	false	2025-10-02 17:00	2025-10-02 19:00
brief an emma	noise	false	2025-10-02 21:00	2025-10-02 23:00
fourf auf deutsch	noise	false	2025-10-02 23:00	2025-10-03 00:00
sleep	sleep	false	2025-10-03 00:00	2025-10-03 04:00
sleep	sleep	false	2025-10-03 04:00	2025-10-03 07:00
limix	signal	false	2025-10-03 09:00	2025-10-03 12:00
limix	signal	false	2025-10-03 13:30	2025-10-03 15:30
skate sesh	noise	false	2025-10-03 16:30	2025-10-03 17:30
fourf auf deutsch	noise	false	2025-10-03 21:00	2025-10-03 22:00
sleep	sleep	false	2025-10-04 02:30	2025-10-04 07:00
sleep	sleep	false	2025-10-04 07:00	2025-10-04 09:30
nano - z bug	signal	false	2025-10-04 12:00	2025-10-04 13:00
coffee mit pranav	noise	false	2025-10-04 13:00	2025-10-04 14:30
nano - z bug	signal	false	2025-10-04 14:30	2025-10-04 17:30
nano - clean up	signal	false	2025-10-04 18:30	2025-10-04 20:00
fourf auf deutsch	noise	false	2025-10-04 23:00	2025-10-05 00:00
sleep	sleep	false	2025-10-05 00:30	2025-10-05 04:00
sleep	sleep	false	2025-10-05 04:00	2025-10-05 07:00
sleep	sleep	false	2025-10-05 07:00	2025-10-05 09:00
gym mit emma	noise	false	2025-10-05 09:00	2025-10-05 10:00
gym	noise	false	2025-10-05 10:00	2025-10-05 11:00
lavender run club 8k	noise	false	2025-10-05 11:30	2025-10-05 13:00
nano - z bug corrections	signal	false	2025-10-05 15:30	2025-10-05 18:30
sleep	sleep	false	2025-10-06 01:00	2025-10-06 04:00
sleep	sleep	false	2025-10-06 04:00	2025-10-06 05:00
sleep	sleep	false	2025-10-06 05:00	2025-10-06 07:00
intensivkurs	signal	false	2025-10-06 09:00	2025-10-06 12:30
nano - ensemble	signal	false	2025-10-06 18:00	2025-10-06 19:30
sleep	sleep	false	2025-10-07 00:00	2025-10-07 04:00
sleep	sleep	false	2025-10-07 04:00	2025-10-07 07:00
icebaden mit emma	noise	false	2025-10-07 07:30	2025-10-07 08:30
intensivkurs	signal	false	2025-10-07 09:00	2025-10-07 12:30
nano - ensemble	signal	false	2025-10-07 18:30	2025-10-07 21:30
sleep	sleep	false	2025-10-07 22:00	2025-10-08 00:00
sleep	sleep	false	2025-10-08 00:00	2025-10-08 01:00
sleep	sleep	false	2025-10-08 01:00	2025-10-08 07:00
sleep	sleep	false	2025-10-08 07:00	2025-10-08 09:30
intensivkurs	signal	false	2025-10-08 10:00	2025-10-08 12:30
mittagessen mit kutay 	noise	false	2025-10-08 12:30	2025-10-08 13:30
nano - ensemble	signal	false	2025-10-08 13:30	2025-10-08 16:30
Open Foundation Models: Scaling Laws and Generalisation	noise	false	2025-10-08 17:00	2025-10-08 19:00
sleep	sleep	false	2025-10-09 03:30	2025-10-09 05:00
sleep	sleep	false	2025-10-09 05:00	2025-10-09 07:00
sleep	sleep	false	2025-10-09 07:00	2025-10-09 08:30
intensivkurs	signal	false	2025-10-09 09:00	2025-10-09 12:30
nano - cleanup	signal	false	2025-10-09 13:30	2025-10-09 14:30
nano - ensemble	signal	false	2025-10-09 15:30	2025-10-09 17:00
nrc 10k w8 recovery run	noise	false	2025-10-09 18:00	2025-10-09 19:00
bananenbrot	noise	false	2025-10-09 20:30	2025-10-09 23:30
sleep	sleep	false	2025-10-10 01:00	2025-10-10 07:00
sleep	sleep	false	2025-10-10 07:00	2025-10-10 10:00
intensivkurs	signal	false	2025-10-10 10:30	2025-10-10 12:30
milchreis mit lotte	noise	false	2025-10-10 12:30	2025-10-10 13:30
skate sesh mit franz	noise	false	2025-10-10 17:00	2025-10-10 19:00
abendessen mit timon	noise	false	2025-10-10 19:30	2025-10-10 20:30
sibel geburtsag party	noise	false	2025-10-10 20:30	2025-10-10 21:30
sleep	sleep	false	2025-10-11 02:00	2025-10-11 07:00
frühstück mit emma	noise	false	2025-10-11 09:00	2025-10-11 10:00
nrc 10k w8 10k run	noise	false	2025-10-11 16:00	2025-10-11 17:00
sleep	sleep	false	2025-10-12 00:00	2025-10-12 04:00
sleep	sleep	false	2025-10-12 04:00	2025-10-12 07:00
sleep	sleep	false	2025-10-12 07:00	2025-10-12 09:00
cv - vid 1	signal	false	2025-10-12 14:30	2025-10-12 16:00
coffee mit mats	noise	false	2025-10-12 16:00	2025-10-12 17:00
lies den brief von emma	noise	false	2025-10-12 21:30	2025-10-12 23:30
sleep	sleep	false	2025-10-13 02:00	2025-10-13 07:00
sleep	sleep	false	2025-10-13 07:00	2025-10-13 08:30
cv - c1 - intro	signal	false	2025-10-13 10:00	2025-10-13 12:00
dga	signal	false	2025-10-13 14:00	2025-10-13 16:00
sleep	sleep	false	2025-10-13 16:30	2025-10-13 18:30
schwimmen mit mats	noise	false	2025-10-13 18:30	2025-10-13 20:00
sleep	sleep	false	2025-10-14 02:00	2025-10-14 03:30
sleep	sleep	false	2025-10-14 03:30	2025-10-14 07:00
rathaus anmeldung	noise	false	2025-10-14 08:30	2025-10-14 09:30
project	signal	false	2025-10-14 09:30	2025-10-14 11:30
project - modded repo	signal	false	2025-10-14 12:00	2025-10-14 15:30
phonetik im alltag	signal	false	2025-10-14 16:00	2025-10-14 18:00
project - znorm	signal	false	2025-10-14 19:00	2025-10-15 00:00
sleep	sleep	false	2025-10-15 02:00	2025-10-15 04:00
sleep	sleep	false	2025-10-15 04:00	2025-10-15 06:00
sleep	sleep	false	2025-10-15 06:00	2025-10-15 07:00
icebaden	noise	false	2025-10-15 08:00	2025-10-15 09:00
project	signal	false	2025-10-15 09:00	2025-10-15 10:00
project - unbiased	signal	false	2025-10-15 12:00	2025-10-15 14:00
cv & dl seminar	signal	false	2025-10-15 14:00	2025-10-15 15:30
dlho - veo3 	signal	false	2025-10-15 15:30	2025-10-15 16:30
abendessen mit erkin	noise	false	2025-10-15 17:00	2025-10-15 18:00
project - unbiased	signal	false	2025-10-15 18:00	2025-10-15 21:00
project	signal	false	2025-10-15 22:30	2025-10-16 00:00
sleep	sleep	false	2025-10-16 01:00	2025-10-16 05:30
sleep	sleep	false	2025-10-16 05:30	2025-10-16 07:00
icebaden mit emma	noise	false	2025-10-16 07:00	2025-10-16 08:00
project	signal	false	2025-10-16 08:30	2025-10-16 10:00
health ai seminar	signal	false	2025-10-16 10:00	2025-10-16 11:00
trust ai seminar	signal	false	2025-10-16 11:00	2025-10-16 12:00
cwm seminar	signal	false	2025-10-16 13:00	2025-10-16 14:00
lazagne deutsch prep	noise	false	2025-10-16 14:00	2025-10-16 17:00
icm kick off	noise	false	2025-10-16 17:00	2025-10-16 19:00
lazagne mit emma	noise	false	2025-10-16 19:30	2025-10-16 23:00
sleep	sleep	false	2025-10-17 00:30	2025-10-17 01:30
sleep	sleep	false	2025-10-17 01:30	2025-10-17 05:30
sleep	sleep	false	2025-10-17 05:30	2025-10-17 07:00
icebaden mit emma	noise	false	2025-10-17 07:00	2025-10-17 08:00
rl - c1 - intro	signal	false	2025-10-17 08:00	2025-10-17 10:00
tabular seminar	signal	false	2025-10-17 10:00	2025-10-17 11:00
tabular seminar form	signal	false	2025-10-17 11:00	2025-10-17 13:00
sleep	sleep	false	2025-10-17 13:30	2025-10-17 15:00
parkour fahrrad	noise	false	2025-10-17 16:00	2025-10-17 17:00
strech lauf core	noise	false	2025-10-17 17:30	2025-10-17 19:00
sleep	sleep	false	2025-10-18 01:00	2025-10-18 03:30
sleep	sleep	false	2025-10-18 03:30	2025-10-18 07:00
icebaden & skate	noise	false	2025-10-18 07:30	2025-10-18 08:30
cv vid 2	signal	false	2025-10-18 09:00	2025-10-18 12:30
cv vid 2	signal	false	2025-10-18 13:00	2025-10-18 15:30
cv vid 2	signal	false	2025-10-18 16:00	2025-10-18 20:00
lorenz bd	noise	false	2025-10-18 21:00	2025-10-19 00:00
sleep	sleep	false	2025-10-19 01:00	2025-10-19 03:30
sleep	sleep	false	2025-10-19 03:30	2025-10-19 07:00
icebaden	noise	false	2025-10-19 07:00	2025-10-19 08:00
mathisleweiher	noise	false	2025-10-19 08:00	2025-10-19 11:00
leetgrind mit zerben	signal	false	2025-10-19 12:00	2025-10-19 14:00
cv vid 2	signal	false	2025-10-19 16:30	2025-10-19 21:00
cv vid 2	signal	false	2025-10-19 22:30	2025-10-20 00:00
sleep	sleep	false	2025-10-20 01:00	2025-10-20 04:30
sleep	sleep	false	2025-10-20 04:30	2025-10-20 07:00
icebaden	noise	false	2025-10-20 07:00	2025-10-20 08:00
cv - c2 - diffusion filters - tv minimization 	signal	false	2025-10-20 10:00	2025-10-20 12:00
cv recap	signal	false	2025-10-20 12:00	2025-10-20 13:00
cv e1	signal	false	2025-10-20 13:30	2025-10-20 15:00
cv - e	signal	false	2025-10-20 16:00	2025-10-20 17:00
cv e1	signal	false	2025-10-20 17:00	2025-10-20 18:00
bananenbrot	noise	false	2025-10-20 21:00	2025-10-20 23:00
sleep	sleep	false	2025-10-21 01:00	2025-10-21 04:30
sleep	sleep	false	2025-10-21 04:30	2025-10-21 08:30
icebaden	noise	false	2025-10-21 09:30	2025-10-21 10:30
phonetik im alltag	signal	false	2025-10-21 16:00	2025-10-21 18:00
carrot cake	noise	false	2025-10-21 19:00	2025-10-21 20:00
wg meeting	noise	false	2025-10-21 20:00	2025-10-21 21:00
sleep	sleep	false	2025-10-22 01:00	2025-10-22 03:30
sleep	sleep	false	2025-10-22 03:30	2025-10-22 05:30
sleep	sleep	false	2025-10-22 05:30	2025-10-22 08:30
icebaden	noise	false	2025-10-22 08:30	2025-10-22 09:30
coffee mit burcu	noise	false	2025-10-22 09:30	2025-10-22 12:30
cv e1	signal	false	2025-10-22 14:00	2025-10-22 15:30
cv vid 3	signal	false	2025-10-22 15:30	2025-10-22 17:00
puzzle	noise	false	2025-10-22 22:30	2025-10-22 23:30
sleep	sleep	false	2025-10-23 00:30	2025-10-23 05:00
sleep	sleep	false	2025-10-23 05:00	2025-10-23 08:00
sleep	sleep	false	2025-10-23 08:00	2025-10-23 09:30
icebaden	noise	false	2025-10-23 09:30	2025-10-23 10:30
barmer ta7	noise	false	2025-10-23 11:30	2025-10-23 12:30
calcon	noise	false	2025-10-23 13:30	2025-10-23 16:00
recalendar	noise	false	2025-10-23 16:00	2025-10-23 17:00
sleep	sleep	false	2025-10-24 01:00	2025-10-24 07:00
icebaden	noise	false	2025-10-24 07:00	2025-10-24 08:00
rl - c2 - bandits - policies - value functions	signal	false	2025-10-24 08:00	2025-10-24 10:00
cwm - papers	signal	false	2025-10-24 10:30	2025-10-24 11:30
cwm - papers	signal	false	2025-10-24 13:00	2025-10-24 14:00
parkour	noise	false	2025-10-24 16:30	2025-10-24 18:30
cwm - papers	signal	false	2025-10-24 21:00	2025-10-24 22:00
sleep	sleep	false	2025-10-25 00:00	2025-10-25 03:00
sleep	sleep	false	2025-10-25 03:00	2025-10-25 07:00
sleep	sleep	false	2025-10-25 07:00	2025-10-25 09:00
icebaden	noise	false	2025-10-25 09:00	2025-10-25 10:00
gym	noise	false	2025-10-25 10:00	2025-10-25 11:00
cwm - papers	signal	false	2025-10-25 12:30	2025-10-25 15:30
calcon	noise	false	2025-10-25 15:30	2025-10-25 18:30
wine tasting mit wg	noise	false	2025-10-25 20:00	2025-10-26 00:00
carmelsky hausparty	noise	false	2025-10-26 00:00	2025-10-26 03:30
sleep	sleep	false	2025-10-26 04:00	2025-10-26 08:30
icebaden	noise	false	2025-10-26 09:00	2025-10-26 10:00
project - nano paper	signal	false	2025-10-26 11:30	2025-10-26 13:00
cv vid 3	signal	false	2025-10-26 13:00	2025-10-26 15:00
cv slide 3	signal	false	2025-10-26 16:30	2025-10-26 18:00
cv slide 3	signal	false	2025-10-26 18:30	2025-10-26 20:30
cv vid 3	signal	false	2025-10-26 20:30	2025-10-26 22:30
sleep	sleep	false	2025-10-27 01:00	2025-10-27 05:00
sleep	sleep	false	2025-10-27 05:00	2025-10-27 07:00
icebaden	noise	false	2025-10-27 07:30	2025-10-27 08:30
cv - c3 - spectral clustering	signal	false	2025-10-27 10:00	2025-10-27 12:00
cv e2	signal	false	2025-10-27 13:00	2025-10-27 14:00
pia - ha mit kutay	signal	false	2025-10-27 14:00	2025-10-27 15:00
cv e2	signal	false	2025-10-27 15:00	2025-10-27 16:00
cv - e	signal	false	2025-10-27 16:00	2025-10-27 17:00
pia - ha mit emma	signal	false	2025-10-27 18:30	2025-10-27 19:30
sleep	sleep	false	2025-10-28 00:30	2025-10-28 05:00
sleep	sleep	false	2025-10-28 05:00	2025-10-28 07:00
project - axel meet 01	signal	false	2025-10-28 11:00	2025-10-28 12:00
cwm - paper survey	signal	false	2025-10-28 12:00	2025-10-28 13:00
cwm - paper survey	signal	false	2025-10-28 15:00	2025-10-28 16:00
phonetik im alltag	signal	false	2025-10-28 16:00	2025-10-28 18:00
project	signal	false	2025-10-28 19:00	2025-10-28 20:00
rl e1	signal	false	2025-10-28 22:00	2025-10-28 23:00
sleep	sleep	false	2025-10-29 00:00	2025-10-29 03:00
sleep	sleep	false	2025-10-29 03:00	2025-10-29 07:00
sleep	sleep	false	2025-10-29 07:00	2025-10-29 10:00
skate sesh mit franz	noise	false	2025-10-29 11:30	2025-10-29 12:30
Einladung zur Einweihung Neubau Falkenbergerstr. 20a	noise	false	2025-10-29 13:00	2025-10-29 15:00
DLHO - less is more	signal	false	2025-10-29 15:00	2025-10-29 16:00
cwm - paper survey	signal	false	2025-10-29 19:00	2025-10-29 20:00
ATfCE kick off	noise	false	2025-10-29 20:15	2025-10-29 21:00
sleep	sleep	false	2025-10-30 01:00	2025-10-30 04:00
sleep	sleep	false	2025-10-30 04:00	2025-10-30 07:00
sleep	sleep	false	2025-10-30 07:00	2025-10-30 09:00
sleep	sleep	false	2025-10-31 01:00	2025-10-31 05:00
sleep	sleep	false	2025-10-31 05:00	2025-10-31 06:00
sleep	sleep	false	2025-10-31 06:00	2025-10-31 07:00
sleep	sleep	false	2025-10-31 07:00	2025-10-31 08:00
sleep	sleep	false	2025-10-31 08:00	2025-10-31 10:00
sleep	sleep	false	2025-11-01 01:00	2025-11-01 04:00
sleep	sleep	false	2025-11-01 04:00	2025-11-01 07:00
sleep	sleep	false	2025-11-02 06:30	2025-11-02 08:00
sleep	sleep	false	2025-11-02 08:00	2025-11-02 09:00
sleep	sleep	false	2025-11-02 09:00	2025-11-02 10:00
sleep	sleep	false	2025-11-02 10:00	2025-11-02 11:30
leetgrind	signal	false	2025-11-02 12:00	2025-11-02 13:00
cv vid 4	signal	false	2025-11-02 18:00	2025-11-02 19:00
leetgrind mit zerben	signal	false	2025-11-02 19:00	2025-11-02 20:30
project - sign	signal	false	2025-11-02 21:30	2025-11-02 22:30
sleep	sleep	false	2025-11-03 01:00	2025-11-03 03:30
sleep	sleep	false	2025-11-03 03:30	2025-11-03 05:30
sleep	sleep	false	2025-11-03 05:30	2025-11-03 07:30
cv - c4 - deep learning	signal	false	2025-11-03 10:00	2025-11-03 12:00
rl e1	signal	false	2025-11-03 14:30	2025-11-03 16:00
rl - c3 - dynamic programming	signal	false	2025-11-03 16:00	2025-11-03 18:00
emma haircut tee	noise	false	2025-11-03 19:00	2025-11-03 20:00
sleep	sleep	false	2025-11-04 00:30	2025-11-04 05:00
sleep	sleep	false	2025-11-04 05:00	2025-11-04 07:30
sleep	sleep	false	2025-11-04 07:30	2025-11-04 09:30
pia - ha	signal	false	2025-11-04 10:30	2025-11-04 12:30
project	signal	false	2025-11-04 15:00	2025-11-04 16:00
phonetik im alltag	signal	false	2025-11-04 16:00	2025-11-04 18:00
haircut mit emma	noise	false	2025-11-04 19:00	2025-11-04 21:00
sleep	sleep	false	2025-11-05 00:00	2025-11-05 03:00
sleep	sleep	false	2025-11-05 03:00	2025-11-05 07:30
sleep	sleep	false	2025-11-05 07:30	2025-11-05 09:30
project	signal	false	2025-11-05 13:00	2025-11-05 16:00
rl e1	signal	false	2025-11-05 16:00	2025-11-05 17:00
rl e2	signal	false	2025-11-05 17:00	2025-11-05 18:00
rl e2	signal	false	2025-11-05 20:00	2025-11-05 21:30
sleep	sleep	false	2025-11-06 00:00	2025-11-06 06:00
sleep	sleep	false	2025-11-06 06:00	2025-11-06 08:30
rl slide 2	signal	false	2025-11-06 12:30	2025-11-06 13:30
rl slide 2	signal	false	2025-11-06 14:00	2025-11-06 15:30
rl slide 3	signal	false	2025-11-06 16:00	2025-11-06 17:00
leetgrind	signal	false	2025-11-06 18:00	2025-11-06 19:00
leetgrind dp	signal	false	2025-11-06 19:00	2025-11-06 21:00
falkenberger bar goodbye	noise	false	2025-11-06 21:00	2025-11-06 22:00
rl slide 3	signal	false	2025-11-06 23:00	2025-11-07 00:00
rl slide 3	signal	false	2025-11-07 00:00	2025-11-07 01:00
sleep	sleep	false	2025-11-07 01:30	2025-11-07 05:00
sleep	sleep	false	2025-11-07 05:00	2025-11-07 07:00
project	signal	false	2025-11-07 08:30	2025-11-07 11:30
sleep	sleep	false	2025-11-07 13:00	2025-11-07 14:30
parkour	noise	false	2025-11-07 16:30	2025-11-07 18:30
core mit timon	noise	false	2025-11-07 19:00	2025-11-07 20:00
leetgrind dp	signal	false	2025-11-07 21:30	2025-11-08 00:00
leetgrind	signal	false	2025-11-08 03:30	2025-11-08 04:30
sleep	sleep	false	2025-11-08 05:00	2025-11-08 09:00
sleep	sleep	false	2025-11-09 00:00	2025-11-09 07:30
sleep	sleep	false	2025-11-09 07:30	2025-11-09 09:30
cv vid 5	signal	false	2025-11-09 10:30	2025-11-09 13:00
Vollversammlung	noise	false	2025-11-09 16:00	2025-11-09 18:00
leetgrind mit zerben	signal	false	2025-11-09 20:00	2025-11-09 21:00
rl	signal	false	2025-11-09 21:30	2025-11-09 23:00
leetgrind binary search	signal	false	2025-11-09 23:00	2025-11-10 00:00
sleep	sleep	false	2025-11-10 01:00	2025-11-10 05:30
sleep	sleep	false	2025-11-10 05:30	2025-11-10 08:00
cv - c5 - object detection - semantic segmentation	signal	false	2025-11-10 10:00	2025-11-10 12:00
project	signal	false	2025-11-10 12:30	2025-11-10 13:30
sleep	sleep	false	2025-11-10 15:00	2025-11-10 17:00
core mit timon	noise	false	2025-11-10 19:00	2025-11-10 20:00
pia - ha	signal	false	2025-11-10 22:30	2025-11-10 23:30
sleep	sleep	false	2025-11-11 05:30	2025-11-11 09:30
project	signal	false	2025-11-11 12:30	2025-11-11 13:30
project	signal	false	2025-11-11 14:00	2025-11-11 16:00
phonetik im alltag	signal	false	2025-11-11 16:00	2025-11-11 18:00
le 1 mit amalia 	noise	false	2025-11-11 19:30	2025-11-11 21:00
sleep	sleep	false	2025-11-12 00:30	2025-11-12 04:30
sleep	sleep	false	2025-11-12 04:30	2025-11-12 08:30
project	signal	false	2025-11-12 14:00	2025-11-12 17:00
nrc inspired run	noise	false	2025-11-12 17:00	2025-11-12 18:00
core mit charlie	noise	false	2025-11-12 18:00	2025-11-12 19:00
sleep	sleep	false	2025-11-13 00:30	2025-11-13 03:00
sleep	sleep	false	2025-11-13 03:00	2025-11-13 05:00
sleep	sleep	false	2025-11-13 05:00	2025-11-13 07:00
icebaden	noise	false	2025-11-13 08:00	2025-11-13 09:00
project - merge buckets	signal	false	2025-11-13 09:30	2025-11-13 11:30
project - merge buckets	signal	false	2025-11-13 12:30	2025-11-13 13:30
project - order resume logic	signal	false	2025-11-13 13:30	2025-11-13 16:30
project - checkpoint infra	signal	false	2025-11-13 18:30	2025-11-13 20:00
sleep	sleep	false	2025-11-14 01:00	2025-11-14 03:00
sleep	sleep	false	2025-11-14 03:00	2025-11-14 05:00
sleep	sleep	false	2025-11-14 05:00	2025-11-14 07:00
rl - c4 - monte carlo methods	signal	false	2025-11-14 08:00	2025-11-14 10:00
project - reply axel	signal	false	2025-11-14 11:30	2025-11-14 13:00
project - reply axel	signal	false	2025-11-14 13:30	2025-11-14 15:00
parkour	noise	false	2025-11-14 16:30	2025-11-14 18:30
core mit menschen	noise	false	2025-11-14 19:00	2025-11-14 20:00
auflauf	noise	false	2025-11-14 20:00	2025-11-14 22:00
sleep	sleep	false	2025-11-15 02:30	2025-11-15 04:30
sleep	sleep	false	2025-11-15 04:30	2025-11-15 07:00
sleep	sleep	false	2025-11-15 07:00	2025-11-15 09:30
le 2 mit amalia 	noise	false	2025-11-15 12:30	2025-11-15 14:00
le 2 recap	noise	false	2025-11-15 15:00	2025-11-15 16:00
project - log infra	signal	false	2025-11-15 18:00	2025-11-15 21:00
deep talk mit chiara	noise	false	2025-11-15 22:00	2025-11-15 23:00
le 2 recap	noise	false	2025-11-16 00:00	2025-11-16 01:00
sleep	sleep	false	2025-11-16 01:00	2025-11-16 02:30
sleep	sleep	false	2025-11-16 02:30	2025-11-16 06:30
sleep	sleep	false	2025-11-16 06:30	2025-11-16 09:30
project - log infra	signal	false	2025-11-16 11:00	2025-11-16 15:00
project - log infra	signal	false	2025-11-16 15:30	2025-11-16 18:30
project - log infra	signal	false	2025-11-16 20:30	2025-11-16 21:30
project - log infra	signal	false	2025-11-16 22:00	2025-11-16 23:00
project - first run	signal	false	2025-11-16 23:00	2025-11-17 00:00
project - first run	signal	false	2025-11-17 00:00	2025-11-17 01:30
project - meet 02 slide	signal	false	2025-11-17 01:30	2025-11-17 02:30
sleep	sleep	false	2025-11-17 03:00	2025-11-17 05:00
sleep	sleep	false	2025-11-17 05:00	2025-11-17 07:00
sleep	sleep	false	2025-11-17 07:00	2025-11-17 09:00
cv - c6 - optical flow	signal	false	2025-11-17 10:00	2025-11-17 12:00
project - meet prep	signal	false	2025-11-17 13:00	2025-11-17 14:00
project - axel meet 02	signal	false	2025-11-17 14:00	2025-11-17 15:00
project - meet recap	signal	false	2025-11-17 15:00	2025-11-17 16:00
cv - e	signal	false	2025-11-17 16:00	2025-11-17 17:00
leetgrind	signal	false	2025-11-17 19:30	2025-11-17 22:30
pia - ha	signal	false	2025-11-17 22:30	2025-11-17 23:30
cwm - crep	signal	false	2025-11-18 00:00	2025-11-18 01:30
sleep	sleep	false	2025-11-18 02:00	2025-11-18 07:00
sleep	sleep	false	2025-11-18 07:00	2025-11-18 09:00
leetgrind mit zerben	signal	false	2025-11-18 10:00	2025-11-18 11:00
project - muon understand	signal	false	2025-11-18 12:00	2025-11-18 13:00
project - muon understand	signal	false	2025-11-18 14:00	2025-11-18 16:00
phonetik im alltag	signal	false	2025-11-18 16:00	2025-11-18 18:00
project - muon understand	signal	false	2025-11-18 19:00	2025-11-18 20:00
sleep	sleep	false	2025-11-19 02:30	2025-11-19 06:30
sleep	sleep	false	2025-11-19 06:30	2025-11-19 10:00
project - mate slides	signal	false	2025-11-19 11:00	2025-11-19 12:00
cwm - crep	signal	false	2025-11-19 13:30	2025-11-19 17:30
schwimmen	noise	false	2025-11-19 19:30	2025-11-19 20:30
sleep	sleep	false	2025-11-20 00:00	2025-11-20 02:00
sleep	sleep	false	2025-11-20 02:00	2025-11-20 07:00
sleep	sleep	false	2025-11-20 07:00	2025-11-20 09:00
dm	noise	false	2025-11-20 16:00	2025-11-20 17:00
cwm - crep	signal	false	2025-11-20 17:00	2025-11-20 18:00
living n working in germany after graduation	noise	false	2025-11-20 18:00	2025-11-20 20:00
cwm - crep	signal	false	2025-11-20 20:00	2025-11-20 21:30
rl	signal	false	2025-11-20 23:00	2025-11-21 00:00
rl	signal	false	2025-11-21 00:00	2025-11-21 01:00
sleep	sleep	false	2025-11-21 01:00	2025-11-21 05:00
sleep	sleep	false	2025-11-21 05:00	2025-11-21 07:00
rl - c5 - temporal difference methods	signal	false	2025-11-21 08:00	2025-11-21 10:00
project - muon understand	signal	false	2025-11-21 10:00	2025-11-21 13:00
mittagessen mit okkujo	noise	false	2025-11-21 13:00	2025-11-21 15:00
shower	noise	false	2025-11-21 15:00	2025-11-21 16:00
parkour	noise	false	2025-11-21 16:30	2025-11-21 18:00
tee mit emma	noise	false	2025-11-21 19:00	2025-11-21 20:00
project	signal	false	2025-11-22 00:00	2025-11-22 01:00
sleep	sleep	false	2025-11-22 01:00	2025-11-22 02:30
sleep	sleep	false	2025-11-22 02:30	2025-11-22 07:00
sleep	sleep	false	2025-11-22 07:30	2025-11-22 09:30
le 2 recap	noise	false	2025-11-22 11:00	2025-11-22 12:00
le 3 mit amalia 	noise	false	2025-11-22 12:00	2025-11-22 14:00
spazieren mit amalia	noise	false	2025-11-22 15:00	2025-11-22 16:00
wandern mit matica	noise	false	2025-11-22 16:00	2025-11-22 18:00
cv vid 7	signal	false	2025-11-22 18:00	2025-11-22 20:00
cwm - crep	signal	false	2025-11-22 20:30	2025-11-22 21:30
project - baseline run	signal	false	2025-11-22 22:00	2025-11-22 23:00
sleep	sleep	false	2025-11-23 01:00	2025-11-23 07:00
frühstück mit emma	noise	false	2025-11-23 08:30	2025-11-23 09:30
cwm - crep	signal	false	2025-11-23 10:00	2025-11-23 12:30
leetgrind mit zerben	signal	false	2025-11-23 13:00	2025-11-23 14:00
cwm - crep	signal	false	2025-11-23 14:00	2025-11-23 15:00
cwm - crep	signal	false	2025-11-23 16:00	2025-11-23 17:30
sleep	sleep	false	2025-11-24 02:00	2025-11-24 07:00
cv - c7 - deep learning based optical flow	signal	false	2025-11-24 10:00	2025-11-24 12:00
project - baseline run	signal	false	2025-11-24 12:30	2025-11-24 16:00
rl - c6 - on policy prediction and control with function approximation	signal	false	2025-11-24 16:00	2025-11-24 18:00
project - baseline run	signal	false	2025-11-24 20:00	2025-11-25 00:00
project - baseline run	signal	false	2025-11-25 00:00	2025-11-25 02:00
sleep	sleep	false	2025-11-25 03:00	2025-11-25 05:00
sleep	sleep	false	2025-11-25 05:00	2025-11-25 07:00
sleep	sleep	false	2025-11-25 07:00	2025-11-25 10:00
project - baseline run	signal	false	2025-11-25 10:00	2025-11-25 11:00
project - baseline run	signal	false	2025-11-25 12:00	2025-11-25 15:00
phonetik im alltag	signal	false	2025-11-25 16:00	2025-11-25 18:00
project - baseline run	signal	false	2025-11-25 18:00	2025-11-25 23:00
cwm - crep	signal	false	2025-11-25 23:00	2025-11-26 00:00
sleep	sleep	false	2025-11-26 01:30	2025-11-26 05:30
sleep	sleep	false	2025-11-26 05:30	2025-11-26 07:00
sleep	sleep	false	2025-11-26 07:00	2025-11-26 09:30
project - meet prep	signal	false	2025-11-26 13:00	2025-11-26 14:00
project - axel meet 03 mate	signal	false	2025-11-26 14:00	2025-11-26 15:30
pre-eurips	signal	false	2025-11-26 16:00	2025-11-26 18:30
cwm - crep	signal	false	2025-11-26 23:00	2025-11-27 00:00
cwm - crep	signal	false	2025-11-27 00:30	2025-11-27 01:30
sleep	sleep	false	2025-11-27 02:00	2025-11-27 05:00
sleep	sleep	false	2025-11-27 05:00	2025-11-27 07:30
sleep	sleep	false	2025-11-27 07:30	2025-11-27 10:00
cwm - crep slide	signal	false	2025-11-27 13:00	2025-11-27 15:00
cwm - henrike meet	signal	false	2025-11-27 15:00	2025-11-27 16:00
dechatlon run	noise	false	2025-11-27 18:00	2025-11-27 21:00
spielabend mit catilo	noise	false	2025-11-27 22:00	2025-11-28 00:00
leetgrind	signal	false	2025-11-28 01:00	2025-11-28 02:00
sleep	sleep	false	2025-11-28 02:00	2025-11-28 05:00
sleep	sleep	false	2025-11-28 05:00	2025-11-28 07:00
sleep	sleep	false	2025-11-28 07:00	2025-11-28 10:30
milchreis mit lotte	noise	false	2025-11-28 12:30	2025-11-28 13:30
decathlon mit emma	noise	false	2025-11-28 13:30	2025-11-28 14:30
decathlon	noise	false	2025-11-28 15:30	2025-11-28 16:30
parkour	noise	false	2025-11-28 17:00	2025-11-28 18:30
core mit menschen	noise	false	2025-11-28 19:00	2025-11-28 20:00
bar mit menschen	noise	false	2025-11-28 22:00	2025-11-29 00:00
bar mit menschen	noise	false	2025-11-29 00:00	2025-11-29 03:00
sleep	sleep	false	2025-11-29 04:00	2025-11-29 07:00
sleep	sleep	false	2025-11-29 07:00	2025-11-29 10:30
sleep	sleep	false	2025-11-30 02:00	2025-11-30 04:00
sleep	sleep	false	2025-11-30 04:00	2025-11-30 07:00
sleep	sleep	false	2025-11-30 07:00	2025-11-30 10:00
cv vid 8	signal	false	2025-11-30 10:00	2025-11-30 11:00
sleep	sleep	false	2025-11-30 11:00	2025-11-30 14:00
mats bd	noise	false	2025-11-30 17:30	2025-12-01 00:00
sleep	sleep	false	2025-12-01 01:30	2025-12-01 05:00
sleep	sleep	false	2025-12-01 05:00	2025-12-01 07:00
nrc hm w1 recovery	noise	false	2025-12-01 07:30	2025-12-01 08:30
cv vid 8	signal	false	2025-12-01 09:00	2025-12-01 10:00
cv - c8 - video segmentation	signal	false	2025-12-01 10:00	2025-12-01 12:00
rl	signal	false	2025-12-01 12:30	2025-12-01 15:30
rl - c7 - off policy methods with function approximation	signal	false	2025-12-01 16:00	2025-12-01 18:00
le 4 mit amalia 	noise	false	2025-12-01 19:00	2025-12-01 21:00
sleep	sleep	false	2025-12-01 23:00	2025-12-02 00:00
sleep	sleep	false	2025-12-02 00:00	2025-12-02 05:00
sleep	sleep	false	2025-12-02 05:00	2025-12-02 07:00
nrc hm w1 long 5k	noise	false	2025-12-02 08:00	2025-12-02 09:30
sleep	sleep	false	2025-12-02 11:00	2025-12-02 12:00
project	signal	false	2025-12-02 13:00	2025-12-02 15:00
phonetik im alltag	signal	false	2025-12-02 16:00	2025-12-02 18:00
A Very [Merry] Christmas	noise	false	2025-12-02 18:00	2025-12-02 20:00
sleep	sleep	false	2025-12-03 01:00	2025-12-03 05:00
sleep	sleep	false	2025-12-03 05:00	2025-12-03 07:00
icebaden mit emma	noise	false	2025-12-03 07:30	2025-12-03 08:30
project - ddp	signal	false	2025-12-03 10:30	2025-12-03 11:30
project - muon implement	signal	false	2025-12-03 13:00	2025-12-03 16:00
freiburg sc mit timon	noise	false	2025-12-03 17:00	2025-12-03 21:00
sleep	sleep	false	2025-12-04 01:00	2025-12-04 05:00
sleep	sleep	false	2025-12-04 05:00	2025-12-04 07:00
sleep	sleep	false	2025-12-04 07:00	2025-12-04 08:00
nrc hm w1 recovery & icebaden	noise	false	2025-12-04 09:00	2025-12-04 10:00
project	signal	false	2025-12-04 13:00	2025-12-04 15:00
project - ddp	signal	false	2025-12-04 15:00	2025-12-04 16:30
project - ddp	signal	false	2025-12-04 19:00	2025-12-04 20:30
brief an emma	noise	false	2025-12-04 22:45	2025-12-04 23:45
sleep	sleep	false	2025-12-05 02:00	2025-12-05 06:00
sleep	sleep	false	2025-12-05 06:00	2025-12-05 08:00
icebaden mit timon	noise	false	2025-12-05 08:00	2025-12-05 09:00
project	signal	false	2025-12-05 10:00	2025-12-05 11:00
parkour	noise	false	2025-12-05 16:30	2025-12-05 18:30
muffin backen	noise	false	2025-12-05 22:30	2025-12-05 23:30
sleep	sleep	false	2025-12-06 02:00	2025-12-06 06:00
sleep	sleep	false	2025-12-06 06:00	2025-12-06 08:00
sleep	sleep	false	2025-12-06 08:00	2025-12-06 09:00
sleep	sleep	false	2025-12-07 00:00	2025-12-07 01:30
sleep	sleep	false	2025-12-07 01:30	2025-12-07 03:00
sleep	sleep	false	2025-12-07 03:00	2025-12-07 04:30
sleep	sleep	false	2025-12-07 04:30	2025-12-07 06:00
sleep	sleep	false	2025-12-07 06:00	2025-12-07 07:30
sleep	sleep	false	2025-12-07 07:30	2025-12-07 09:00
sleep	sleep	false	2025-12-07 09:00	2025-12-07 10:30
cv vid 9	signal	false	2025-12-07 22:00	2025-12-08 00:00
sleep	sleep	false	2025-12-08 00:00	2025-12-08 01:30
sleep	sleep	false	2025-12-08 01:30	2025-12-08 03:00
sleep	sleep	false	2025-12-08 03:00	2025-12-08 04:30
sleep	sleep	false	2025-12-08 04:30	2025-12-08 06:00
sleep	sleep	false	2025-12-08 06:00	2025-12-08 07:30
sleep	sleep	false	2025-12-08 07:30	2025-12-08 09:00
cv - c9 - 3D geometry - camera calibration	signal	false	2025-12-08 10:00	2025-12-08 12:00
rl - c8 - eligibility traces	signal	false	2025-12-08 16:00	2025-12-08 18:00
sleep	sleep	false	2025-12-09 02:00	2025-12-09 07:00
sleep	sleep	false	2025-12-09 07:00	2025-12-09 10:00
phonetik im alltag	signal	false	2025-12-09 16:00	2025-12-09 18:00
sleep	sleep	false	2025-12-10 01:00	2025-12-10 04:00
sleep	sleep	false	2025-12-10 04:00	2025-12-10 07:00
sleep	sleep	false	2025-12-10 07:00	2025-12-10 09:00
sleep	sleep	false	2025-12-10 09:00	2025-12-10 11:00
sleep	sleep	false	2025-12-11 02:00	2025-12-11 05:00
sleep	sleep	false	2025-12-11 05:00	2025-12-11 07:00
sleep	sleep	false	2025-12-11 07:00	2025-12-11 08:30
sleep	sleep	false	2025-12-11 08:30	2025-12-11 10:00
job search	signal	false	2025-12-11 15:30	2025-12-11 19:30
sleep	sleep	false	2025-12-12 00:00	2025-12-12 03:00
sleep	sleep	false	2025-12-12 03:00	2025-12-12 07:00
sleep	sleep	false	2025-12-12 07:00	2025-12-12 09:00
project - ddp	signal	false	2025-12-12 10:00	2025-12-12 11:00
project - ddp	signal	false	2025-12-12 12:00	2025-12-12 15:00
parkour	noise	false	2025-12-12 16:30	2025-12-12 17:30
3sudwest xmas party	noise	false	2025-12-12 20:00	2025-12-12 23:00
sleep	sleep	false	2025-12-13 00:00	2025-12-13 07:00
sleep	sleep	false	2025-12-13 07:00	2025-12-13 09:00
sleep	sleep	false	2025-12-13 09:00	2025-12-13 10:30
project - ddp	signal	false	2025-12-13 13:00	2025-12-13 15:30
sleep	sleep	false	2025-12-13 18:00	2025-12-13 21:30
sleep	sleep	false	2025-12-14 01:00	2025-12-14 07:00
sleep	sleep	false	2025-12-14 07:00	2025-12-14 09:30
leetgrind mit zerben	signal	false	2025-12-14 11:00	2025-12-14 12:00
project - ddp	signal	false	2025-12-14 12:30	2025-12-14 14:00
henrike mail	signal	false	2025-12-14 21:00	2025-12-14 22:00
cv vid 10	signal	false	2025-12-14 22:30	2025-12-14 23:30
sleep	sleep	false	2025-12-15 00:00	2025-12-15 04:00
sleep	sleep	false	2025-12-15 04:00	2025-12-15 07:00
sleep	sleep	false	2025-12-15 07:00	2025-12-15 09:00
cv - c10 - stereo reconstruction	signal	false	2025-12-15 10:00	2025-12-15 12:00
rl - c9 - policy gradient and trust region methods	signal	false	2025-12-15 16:00	2025-12-15 18:00
project - ddp	signal	false	2025-12-15 19:30	2025-12-15 20:30
project - gradient checkpointing	signal	false	2025-12-15 20:30	2025-12-15 21:30
project - gradient checkpointing	signal	false	2025-12-15 23:00	2025-12-16 00:00
lies den brief von emma	noise	false	2025-12-16 00:00	2025-12-16 01:00
sleep	sleep	false	2025-12-16 01:00	2025-12-16 05:00
sleep	sleep	false	2025-12-16 05:00	2025-12-16 07:00
project - gradient checkpointing	signal	false	2025-12-16 09:30	2025-12-16 10:30
project - gradient checkpointing	signal	false	2025-12-16 11:00	2025-12-16 12:00
phonetik im alltag	signal	false	2025-12-16 16:00	2025-12-16 18:00
le 5 mit amalia 	noise	false	2025-12-16 19:00	2025-12-16 20:00
sleep	sleep	false	2025-12-17 02:00	2025-12-17 06:00
sleep	sleep	false	2025-12-17 06:00	2025-12-17 08:30
sleep	sleep	false	2025-12-17 08:30	2025-12-17 10:30
project - gradient checkpointing	signal	false	2025-12-17 17:00	2025-12-17 18:00
project	signal	false	2025-12-17 19:00	2025-12-17 20:00
sleep	sleep	false	2025-12-18 03:00	2025-12-18 07:00
bike to colmar	noise	false	2025-12-18 08:00	2025-12-18 11:00
colmar mit ilke	noise	false	2025-12-18 11:00	2025-12-18 19:00
bike to freiburg	noise	false	2025-12-18 19:00	2025-12-18 21:00
raclette abend mit wg	noise	false	2025-12-18 21:00	2025-12-19 00:00
sleep	sleep	false	2025-12-19 04:00	2025-12-19 09:00
project - axel meet 04	signal	false	2025-12-19 12:00	2025-12-19 13:00
gym	noise	false	2025-12-19 18:30	2025-12-19 19:30
walk mit chiara	noise	false	2025-12-19 20:30	2025-12-19 21:30
crepes mit chiara	noise	false	2025-12-19 21:30	2025-12-19 22:30
sleep	sleep	false	2025-12-20 04:00	2025-12-20 10:00
le 6 mit amalia 	noise	false	2025-12-20 10:00	2025-12-20 11:00
sleep	sleep	false	2025-12-20 19:30	2025-12-20 22:00
sleep	sleep	false	2025-12-20 22:00	2025-12-20 23:30
sleep	sleep	false	2025-12-21 03:30	2025-12-21 09:00
sleep	sleep	false	2025-12-21 09:00	2025-12-21 11:00
lavender run club 5k	noise	false	2025-12-21 11:30	2025-12-21 13:00
coffee mit lindita	noise	false	2025-12-21 13:00	2025-12-21 14:00
basket mit paul	noise	false	2025-12-21 14:00	2025-12-21 15:00
gym mit emma	noise	false	2025-12-21 18:00	2025-12-21 20:00
brief an emma	noise	false	2025-12-21 23:00	2025-12-22 00:00
sleep	sleep	false	2025-12-22 03:00	2025-12-22 07:00
sleep	sleep	false	2025-12-22 07:00	2025-12-22 09:30
cv - c11 - disparity estimation - scene flow	signal	false	2025-12-22 10:00	2025-12-22 12:00
rl - c10 - advanced value based methods	signal	false	2025-12-22 16:00	2025-12-22 18:00
xmas break	archive	true	2025-12-23 00:00	2026-01-06 23:59
sleep	sleep	false	2025-12-23 04:00	2025-12-23 07:00
sleep	sleep	false	2025-12-23 07:00	2025-12-23 11:00
sleep	sleep	false	2025-12-24 04:00	2025-12-24 07:00
sleep	sleep	false	2025-12-24 07:00	2025-12-24 10:00
sleep	sleep	false	2025-12-24 10:00	2025-12-24 13:00
shoe store	noise	false	2025-12-24 13:00	2025-12-24 14:00
sleep	sleep	false	2025-12-25 04:00	2025-12-25 06:00
sleep	sleep	false	2025-12-25 06:00	2025-12-25 09:30
laufen mit lindita	noise	false	2025-12-25 11:30	2025-12-25 13:30
sleep	sleep	false	2025-12-25 19:00	2025-12-25 20:30
project - baseline run	signal	false	2025-12-26 00:00	2025-12-26 01:00
sleep	sleep	false	2025-12-26 04:00	2025-12-26 07:00
sleep	sleep	false	2025-12-26 07:00	2025-12-26 09:00
sleep	sleep	false	2025-12-26 09:00	2025-12-26 11:00
project - baseline run	signal	false	2025-12-27 01:30	2025-12-27 02:30
sleep	sleep	false	2025-12-27 04:00	2025-12-27 07:00
sleep	sleep	false	2025-12-27 07:00	2025-12-27 10:00
sleep	sleep	false	2025-12-27 10:00	2025-12-27 12:00
sleep	sleep	false	2025-12-28 03:00	2025-12-28 05:00
sleep	sleep	false	2025-12-28 05:00	2025-12-28 07:00
sleep	sleep	false	2025-12-28 07:00	2025-12-28 11:00
hütte	noise	false	2025-12-28 15:00	2025-12-29 00:00
sleep	sleep	false	2025-12-29 01:00	2025-12-29 04:00
sleep	sleep	false	2025-12-29 04:00	2025-12-29 07:00
sleep	sleep	false	2025-12-29 07:00	2025-12-29 10:00
hütte	noise	false	2025-12-29 10:00	2025-12-30 00:00
sleep	sleep	false	2025-12-30 02:00	2025-12-30 04:00
sleep	sleep	false	2025-12-30 04:00	2025-12-30 07:00
sleep	sleep	false	2025-12-30 07:00	2025-12-30 10:00
hütte	noise	false	2025-12-30 10:00	2025-12-31 00:00
sleep	sleep	false	2025-12-31 02:00	2025-12-31 05:00
sleep	sleep	false	2025-12-31 05:00	2025-12-31 08:00
hütte	noise	false	2025-12-31 08:00	2025-12-31 17:00
sleep	sleep	false	2026-01-01 04:00	2026-01-01 06:00
sleep	sleep	false	2026-01-01 06:00	2026-01-01 10:00
sleep	sleep	false	2026-01-01 10:00	2026-01-01 12:00
lauf + icebad	noise	false	2026-01-01 12:00	2026-01-01 13:00
sleep	sleep	false	2026-01-01 19:00	2026-01-01 22:00
sleep	sleep	false	2026-01-02 04:00	2026-01-02 06:00
sleep	sleep	false	2026-01-02 06:00	2026-01-02 08:00
sleep	sleep	false	2026-01-02 08:00	2026-01-02 10:00
barmer	noise	false	2026-01-02 11:00	2026-01-02 12:00
dekatlon	noise	false	2026-01-02 13:00	2026-01-02 14:00
sleep	sleep	false	2026-01-02 16:00	2026-01-02 17:00
job search	signal	false	2026-01-02 17:00	2026-01-02 18:00
tee mit emma	noise	false	2026-01-02 20:30	2026-01-02 21:30
önemli dgleri kontaklara gir	noise	false	2026-01-02 23:00	2026-01-03 00:00
leetgrind	signal	false	2026-01-03 00:30	2026-01-03 02:00
sleep	sleep	false	2026-01-03 03:00	2026-01-03 05:00
sleep	sleep	false	2026-01-03 05:00	2026-01-03 07:00
sleep	sleep	false	2026-01-03 07:00	2026-01-03 09:00
leetgrind	signal	false	2026-01-03 12:00	2026-01-03 14:00
coffee mit menschen	noise	false	2026-01-03 15:00	2026-01-03 16:00
gym mit chiara	noise	false	2026-01-03 20:30	2026-01-03 21:30
job search	signal	false	2026-01-03 23:00	2026-01-04 00:00
leetgrind	signal	false	2026-01-04 00:00	2026-01-04 01:00
sleep	sleep	false	2026-01-04 01:00	2026-01-04 04:30
sleep	sleep	false	2026-01-04 04:30	2026-01-04 07:30
sleep	sleep	false	2026-01-04 07:30	2026-01-04 09:00
mattermost axel answer	signal	false	2026-01-04 11:00	2026-01-04 12:00
mittagessen mit menschen	noise	false	2026-01-04 12:00	2026-01-04 13:00
cwm - crep poster	signal	false	2026-01-04 13:00	2026-01-04 17:00
doner mit mats	noise	false	2026-01-04 18:00	2026-01-04 19:00
sleep	sleep	false	2026-01-05 01:00	2026-01-05 04:00
sleep	sleep	false	2026-01-05 04:00	2026-01-05 06:00
sleep	sleep	false	2026-01-05 06:00	2026-01-05 07:30
sleep	sleep	false	2026-01-05 07:30	2026-01-05 09:00
hausarzt	noise	false	2026-01-05 10:30	2026-01-05 12:00
sleep	sleep	false	2026-01-06 01:00	2026-01-06 05:00
sleep	sleep	false	2026-01-06 05:00	2026-01-06 07:00
sleep	sleep	false	2026-01-06 07:00	2026-01-06 09:00
sleep	sleep	false	2026-01-07 01:00	2026-01-07 04:00
sleep	sleep	false	2026-01-07 04:00	2026-01-07 06:00
sleep	sleep	false	2026-01-07 06:00	2026-01-07 08:30
hausarzt	noise	false	2026-01-07 09:00	2026-01-07 10:00
sleep	sleep	false	2026-01-08 01:00	2026-01-08 04:00
sleep	sleep	false	2026-01-08 04:00	2026-01-08 07:00
cwm - henrike reply	signal	false	2026-01-08 10:00	2026-01-08 11:00
cwm - crep poster	signal	false	2026-01-08 11:00	2026-01-08 12:00
sleep	sleep	false	2026-01-08 13:30	2026-01-08 15:30
facetime borofil	noise	false	2026-01-08 19:00	2026-01-08 20:00
cwm - crep poster	signal	false	2026-01-08 20:00	2026-01-08 22:00
cwm - crep poster	signal	false	2026-01-08 23:00	2026-01-09 00:00
cwm - crep poster	signal	false	2026-01-09 00:00	2026-01-09 01:00
sleep	sleep	false	2026-01-09 02:00	2026-01-09 04:00
sleep	sleep	false	2026-01-09 04:00	2026-01-09 07:00
sleep	sleep	false	2026-01-09 07:00	2026-01-09 09:30
ups	noise	false	2026-01-09 11:30	2026-01-09 12:30
dekatlon	noise	false	2026-01-09 12:30	2026-01-09 13:30
cwm - crep	signal	false	2026-01-09 14:30	2026-01-09 15:30
parkour	noise	false	2026-01-09 16:00	2026-01-09 17:00
cwm - crep	signal	false	2026-01-09 17:00	2026-01-09 19:00
job search	signal	false	2026-01-09 22:00	2026-01-09 23:00
register exams 	signal	false	2026-01-09 23:00	2026-01-10 00:00
lies den brief von emma	noise	false	2026-01-10 01:00	2026-01-10 02:00
sleep	sleep	false	2026-01-10 02:00	2026-01-10 03:30
sleep	sleep	false	2026-01-10 03:30	2026-01-10 05:30
sleep	sleep	false	2026-01-10 05:30	2026-01-10 07:30
run	noise	false	2026-01-10 08:00	2026-01-10 09:00
brief an emma	noise	false	2026-01-10 09:00	2026-01-10 10:00
pizzastein mit emma	noise	false	2026-01-10 11:00	2026-01-10 12:00
casting jule	noise	false	2026-01-10 12:00	2026-01-10 13:00
mittagessen mit anton	noise	false	2026-01-10 13:00	2026-01-10 14:00
kaffeekränzchen	noise	false	2026-01-10 15:00	2026-01-10 16:00
cwm - crep	signal	false	2026-01-10 16:00	2026-01-10 17:00
lebensmittel	noise	false	2026-01-10 17:00	2026-01-10 18:00
abendessen mit timon 	noise	false	2026-01-10 19:00	2026-01-10 20:00
sleep	sleep	false	2026-01-11 01:00	2026-01-11 02:30
sleep	sleep	false	2026-01-11 02:30	2026-01-11 05:30
sleep	sleep	false	2026-01-11 05:30	2026-01-11 07:30
leetgrind mit zerben	signal	false	2026-01-11 13:00	2026-01-11 14:00
sleep	sleep	false	2026-01-12 02:00	2026-01-12 03:00
sleep	sleep	false	2026-01-12 03:00	2026-01-12 06:30
sleep	sleep	false	2026-01-12 06:30	2026-01-12 07:30
cwm - crep poster	signal	false	2026-01-12 09:00	2026-01-12 10:00
cv - c12 - structure from motion	signal	false	2026-01-12 10:00	2026-01-12 12:00
mittagessen mit ebru 	noise	false	2026-01-12 12:00	2026-01-12 13:00
cwm - crep poster	signal	false	2026-01-12 13:00	2026-01-12 15:00
spazieren mit ebru	noise	false	2026-01-12 15:00	2026-01-12 16:00
rl - c11 - planning and learning	signal	false	2026-01-12 16:00	2026-01-12 18:00
cwm - crep poster	signal	false	2026-01-12 22:30	2026-01-13 00:00
cwm - crep poster	signal	false	2026-01-13 01:30	2026-01-13 09:00
sleep	sleep	false	2026-01-13 09:30	2026-01-13 11:00
sleep	sleep	false	2026-01-13 11:00	2026-01-13 13:00
sleep	sleep	false	2026-01-13 13:00	2026-01-13 15:00
Agentur für Arbeit	noise	false	2026-01-13 15:00	2026-01-13 16:00
phonetik im alltag	signal	false	2026-01-13 16:00	2026-01-13 18:00
eurohh facetime	noise	false	2026-01-13 19:00	2026-01-13 20:00
sleep	sleep	false	2026-01-14 03:00	2026-01-14 04:30
sleep	sleep	false	2026-01-14 04:30	2026-01-14 07:00
sleep	sleep	false	2026-01-14 07:00	2026-01-14 09:00
sleep	sleep	false	2026-01-14 09:00	2026-01-14 11:00
cwm - supervisor draft	signal	false	2026-01-14 14:00	2026-01-14 15:00
go asia 	noise	false	2026-01-14 16:00	2026-01-14 17:00
sleep	sleep	false	2026-01-15 03:00	2026-01-15 04:30
sleep	sleep	false	2026-01-15 04:30	2026-01-15 06:00
sleep	sleep	false	2026-01-15 06:00	2026-01-15 07:30
run	noise	false	2026-01-15 08:30	2026-01-15 10:00
mensa mit timon	noise	false	2026-01-15 11:30	2026-01-15 12:30
project - baseline run	signal	false	2026-01-15 13:00	2026-01-15 15:00
kaffeekränzchen	noise	false	2026-01-15 15:00	2026-01-15 16:00
project - baseline run	signal	false	2026-01-15 16:00	2026-01-15 17:30
schwimmen mit wg	noise	false	2026-01-15 18:30	2026-01-15 20:00
sleep	sleep	false	2026-01-16 01:30	2026-01-16 04:00
sleep	sleep	false	2026-01-16 04:00	2026-01-16 05:30
sleep	sleep	false	2026-01-16 05:30	2026-01-16 07:30
orthoteam	noise	false	2026-01-16 09:00	2026-01-16 10:30
project - baseline run	signal	false	2026-01-16 11:00	2026-01-16 14:30
parkour	noise	false	2026-01-16 16:30	2026-01-16 18:30
falkenberger winterfest	noise	false	2026-01-16 19:00	2026-01-17 00:00
sleep	sleep	false	2026-01-17 02:00	2026-01-17 05:00
sleep	sleep	false	2026-01-17 05:00	2026-01-17 07:30
nrc hm w1 speed intervals	noise	false	2026-01-17 07:30	2026-01-17 09:00
procrastination - lichess	noise	false	2026-01-17 10:00	2026-01-17 11:30
project - baseline run	signal	false	2026-01-17 12:00	2026-01-17 13:00
project 	signal	false	2026-01-17 13:00	2026-01-17 15:00
lebensmittel mit emma 	noise	false	2026-01-17 15:00	2026-01-17 16:00
pink flamingo	noise	false	2026-01-17 22:00	2026-01-18 00:00
sleep	sleep	false	2026-01-18 02:00	2026-01-18 05:00
sleep	sleep	false	2026-01-18 05:00	2026-01-18 07:30
nrc hm w1 speed fartlek	noise	false	2026-01-18 08:00	2026-01-18 09:00
pizzaabend mit emma 	noise	false	2026-01-18 17:00	2026-01-18 21:00
sleep	sleep	false	2026-01-19 02:00	2026-01-19 04:30
sleep	sleep	false	2026-01-19 04:30	2026-01-19 07:30
sleep	sleep	false	2026-01-19 07:30	2026-01-19 09:00
cv - c13 - deep learning based 3D vision	signal	false	2026-01-19 10:00	2026-01-19 12:00
rl - c12 - model based rl	signal	false	2026-01-19 16:00	2026-01-19 18:00
sleep	sleep	false	2026-01-20 01:00	2026-01-20 04:00
sleep	sleep	false	2026-01-20 04:00	2026-01-20 07:30
Experiment DeepFakes 	noise	false	2026-01-20 08:00	2026-01-20 09:30
project - 5 fold cv	signal	false	2026-01-20 11:00	2026-01-20 12:30
mittagessen mit kutzer	noise	false	2026-01-20 12:30	2026-01-20 14:00
project - roc auc mit kutay	signal	false	2026-01-20 14:00	2026-01-20 15:00
project - mattermost axel	signal	false	2026-01-20 15:00	2026-01-20 16:00
phonetik im alltag	signal	false	2026-01-20 16:00	2026-01-20 18:00
project	signal	false	2026-01-20 18:30	2026-01-20 20:30
sleep	sleep	false	2026-01-21 03:00	2026-01-21 05:30
sleep	sleep	false	2026-01-21 05:30	2026-01-21 09:00
hausarzt	noise	false	2026-01-21 09:00	2026-01-21 10:00
welcome center meet	noise	false	2026-01-21 12:30	2026-01-21 13:30
project - baseline run	signal	false	2026-01-21 14:30	2026-01-21 16:00
project - baseline run	signal	false	2026-01-21 16:30	2026-01-21 18:00
schwimmen mit wg	noise	false	2026-01-21 18:00	2026-01-21 19:30
facetime borofil	noise	false	2026-01-21 20:30	2026-01-21 21:30
sleep	sleep	false	2026-01-22 02:30	2026-01-22 07:00
sleep	sleep	false	2026-01-22 07:00	2026-01-22 10:00
nrc hm w2 recovery run	noise	false	2026-01-22 10:30	2026-01-22 11:30
mittagessen mit jungs	noise	false	2026-01-22 11:30	2026-01-22 13:00
sleep	sleep	false	2026-01-22 16:00	2026-01-22 17:30
job search	signal	false	2026-01-22 19:00	2026-01-22 21:00
haircut mit timmelsky	noise	false	2026-01-22 21:00	2026-01-23 00:00
sleep	sleep	false	2026-01-23 02:00	2026-01-23 05:00
sleep	sleep	false	2026-01-23 05:00	2026-01-23 08:00
project - slides	signal	false	2026-01-23 10:00	2026-01-23 11:00
project - axel meet 05	signal	false	2026-01-23 11:00	2026-01-23 12:00
mittagessen mit fittingroom	noise	false	2026-01-23 12:00	2026-01-23 13:00
project - slides	noise	false	2026-01-23 14:00	2026-01-23 15:00
project	signal	false	2026-01-23 21:00	2026-01-23 22:00
project - baseline run	signal	false	2026-01-23 22:00	2026-01-23 23:00
leetcode	signal	false	2026-01-23 23:00	2026-01-24 00:00
project	signal	false	2026-01-24 00:00	2026-01-24 01:00
project - nans pr	signal	false	2026-01-24 02:00	2026-01-24 04:00
sleep	sleep	false	2026-01-24 04:00	2026-01-24 09:00
workout mit emma	noise	false	2026-01-24 09:00	2026-01-24 11:00
cwm - crep poster	signal	false	2026-01-24 13:30	2026-01-24 15:30
cwm - crep poster	signal	false	2026-01-24 16:00	2026-01-24 18:00
cwm - crep poster	signal	false	2026-01-24 22:00	2026-01-25 00:00
cwm - crep poster	signal	false	2026-01-25 00:00	2026-01-25 04:00
sleep	sleep	false	2026-01-25 04:00	2026-01-25 08:30
sleep	sleep	false	2026-01-25 08:30	2026-01-25 11:00
project - nans pr	signal	false	2026-01-25 12:30	2026-01-25 13:30
job search	signal	false	2026-01-25 14:00	2026-01-25 15:00
job search	signal	false	2026-01-25 19:30	2026-01-25 20:30
project - baseline run	signal	false	2026-01-25 23:00	2026-01-26 00:00
job search	signal	false	2026-01-26 00:00	2026-01-26 01:00
job search	signal	false	2026-01-26 01:00	2026-01-26 02:30
sleep	sleep	false	2026-01-26 03:30	2026-01-26 09:30
cv - c14 - image generation	signal	false	2026-01-26 10:00	2026-01-26 12:00
project	signal	false	2026-01-26 16:00	2026-01-26 17:00
threew	signal	false	2026-01-26 23:00	2026-01-27 00:00
sleep	sleep	false	2026-01-27 03:00	2026-01-27 07:00
sleep	sleep	false	2026-01-27 07:00	2026-01-27 09:30
project - baseline run	signal	false	2026-01-27 11:00	2026-01-27 12:30
project - onboarding pr	signal	false	2026-01-27 12:30	2026-01-27 13:30
kaffee und doner	noise	false	2026-01-27 14:00	2026-01-27 15:30
phonetik im alltag	signal	false	2026-01-27 16:00	2026-01-27 18:00
facetime anne	noise	false	2026-01-27 18:00	2026-01-27 19:00
kickbox	noise	false	2026-01-27 19:00	2026-01-27 21:00
project - baseline run	signal	false	2026-01-28 01:30	2026-01-28 03:00
sleep	sleep	false	2026-01-28 03:00	2026-01-28 09:00
sleep	sleep	false	2026-01-28 10:00	2026-01-28 12:30
project - baseline run	signal	false	2026-01-28 14:00	2026-01-28 15:30
project - baseline run	signal	false	2026-01-28 16:00	2026-01-28 17:00
digital health research night	noise	false	2026-01-28 17:00	2026-01-28 18:00
project - baseline run	signal	false	2026-01-28 18:00	2026-01-28 22:00
project - baseline run	signal	false	2026-01-28 23:00	2026-01-29 00:00
project - baseline run	signal	false	2026-01-29 00:00	2026-01-29 01:00
sleep	sleep	false	2026-01-29 03:00	2026-01-29 07:00
sleep	sleep	false	2026-01-29 07:00	2026-01-29 10:30
project - baseline run	signal	false	2026-01-29 10:30	2026-01-29 11:30
pizza mit sommerzeugs	noise	false	2026-01-29 11:30	2026-01-29 13:00
project - baseline run	signal	false	2026-01-29 14:30	2026-01-29 15:30
kaffeekränzchen	noise	false	2026-01-29 15:30	2026-01-29 16:30
project - baseline run	signal	false	2026-01-29 16:30	2026-01-29 17:30
schwimmen	noise	false	2026-01-29 19:00	2026-01-29 20:00
project - baseline run	signal	false	2026-01-29 22:00	2026-01-29 23:00
job search	signal	false	2026-01-29 23:00	2026-01-30 00:00
sleep	sleep	false	2026-01-30 03:30	2026-01-30 06:30
mri	noise	false	2026-01-30 07:00	2026-01-30 08:00
icebaden	noise	false	2026-01-30 08:00	2026-01-30 09:00
project - baseline run	signal	false	2026-01-30 10:00	2026-01-30 12:00
milchreis mit lotte	noise	false	2026-01-30 12:00	2026-01-30 14:00
parkour	noise	false	2026-01-30 16:30	2026-01-30 18:30
sleep	sleep	false	2026-01-31 01:30	2026-01-31 07:00
sleep	sleep	false	2026-01-31 07:00	2026-01-31 09:00
sleep	sleep	false	2026-01-31 09:00	2026-01-31 10:00
laufen halbmarathon	noise	false	2026-01-31 13:00	2026-01-31 15:30
oktay - exam time slide	signal	false	2026-01-31 19:00	2026-01-31 20:00
project - baseline run	signal	false	2026-01-31 23:00	2026-02-01 00:00
project - tqs 1 muon	signal	false	2026-02-01 00:00	2026-02-01 01:00
sleep	sleep	false	2026-02-01 02:00	2026-02-01 06:00
sleep	sleep	false	2026-02-01 06:00	2026-02-01 08:00
project - tqs 1 muon	signal	false	2026-02-01 08:00	2026-02-01 09:00
cv mit oktay	signal	false	2026-02-01 10:00	2026-02-01 13:00
rl mit oktay	signal	false	2026-02-01 14:00	2026-02-01 17:00
project - tqs 1 muon	signal	false	2026-02-02 00:00	2026-02-02 01:00
sleep	sleep	false	2026-02-02 01:30	2026-02-02 07:00
sleep	sleep	false	2026-02-02 07:00	2026-02-02 09:00
cv - c15 - next gen	signal	false	2026-02-02 10:00	2026-02-02 12:00
project - tqs 1 muon	signal	false	2026-02-02 13:00	2026-02-02 16:00
rl - c13 - wrap up	signal	false	2026-02-02 16:00	2026-02-02 18:00
project - tqs 1 muon	signal	false	2026-02-02 23:00	2026-02-03 00:00
project - tqs 2 init	signal	false	2026-02-03 00:00	2026-02-03 01:00
sleep	sleep	false	2026-02-03 01:30	2026-02-03 07:00
sleep	sleep	false	2026-02-03 07:00	2026-02-03 10:30
project - tqs 2 init	signal	false	2026-02-03 12:00	2026-02-03 13:00
project - x post	signal	false	2026-02-03 14:00	2026-02-03 15:30
phonetik im alltag	signal	false	2026-02-03 16:00	2026-02-03 18:00
pizza mit phonetik	noise	false	2026-02-03 18:00	2026-02-03 19:00
project - community post	signal	false	2026-02-03 21:30	2026-02-03 22:30
project - tqs 2 init	signal	false	2026-02-03 22:30	2026-02-03 23:30
project - slides	signal	false	2026-02-04 00:30	2026-02-04 03:00
sleep	sleep	false	2026-02-04 03:30	2026-02-04 06:00
sleep	sleep	false	2026-02-04 06:00	2026-02-04 09:30
project - axel meet 06	signal	false	2026-02-04 10:00	2026-02-04 11:00
project - tqs 2 init	signal	false	2026-02-04 13:30	2026-02-04 14:30
project	signal	false	2026-02-04 14:30	2026-02-04 16:00
project - tqs 3 dholzmüller	signal	false	2026-02-04 16:00	2026-02-04 17:00
sleep	sleep	false	2026-02-04 17:30	2026-02-04 18:30
bananenbrot backen	noise	false	2026-02-04 18:30	2026-02-04 21:00
project - rebase	signal	false	2026-02-05 00:00	2026-02-05 03:00
sleep	sleep	false	2026-02-05 03:30	2026-02-05 08:30
sleep	sleep	false	2026-02-05 08:30	2026-02-05 09:30
prüfungsamt - project - rl	signal	false	2026-02-05 09:30	2026-02-05 10:30
ufr semesterfee	noise	false	2026-02-05 10:30	2026-02-05 11:30
pizza mit sommerzeugs	noise	false	2026-02-05 11:30	2026-02-05 13:00
reden mit carmelskys papa	noise	false	2026-02-05 13:00	2026-02-05 14:00
bruno carmela bd	noise	false	2026-02-05 16:00	2026-02-05 20:30
project - rebase	signal	false	2026-02-05 21:00	2026-02-05 23:00
project - parker pr	signal	false	2026-02-06 00:00	2026-02-06 01:30
sleep	sleep	false	2026-02-06 03:00	2026-02-06 08:00
kaffee mit burcu	noise	false	2026-02-06 09:00	2026-02-06 10:00
orthoteam	noise	false	2026-02-06 10:30	2026-02-06 11:30
project - rebase	signal	false	2026-02-06 11:30	2026-02-06 13:00
project - rebase	signal	false	2026-02-06 13:30	2026-02-06 14:30
project - parker pr	signal	false	2026-02-06 14:30	2026-02-06 16:00
project - mattermost axel	signal	false	2026-02-06 16:00	2026-02-06 17:00
parkour	noise	false	2026-02-06 17:30	2026-02-06 18:30
party	noise	false	2026-02-06 20:30	2026-02-07 00:00
party	noise	false	2026-02-07 00:00	2026-02-07 01:00
sleep	sleep	false	2026-02-07 02:00	2026-02-07 07:00
sleep	sleep	false	2026-02-07 07:00	2026-02-07 10:00
sleep	sleep	false	2026-02-07 16:00	2026-02-07 18:30
project - poster draft	signal	false	2026-02-08 01:00	2026-02-08 06:30
sleep	sleep	false	2026-02-08 07:00	2026-02-08 11:00
cwm - poster prep	signal	false	2026-02-08 12:00	2026-02-08 14:00
kasespatzle mit jannis	noise	false	2026-02-08 14:00	2026-02-08 15:00
cwm - poster prep	signal	false	2026-02-08 15:00	2026-02-08 17:00
walk und present mit emma	noise	false	2026-02-08 19:00	2026-02-08 20:00
cv - drop exam	signal	false	2026-02-08 20:00	2026-02-08 22:00
cwm - poster prep	signal	false	2026-02-08 22:00	2026-02-09 00:00
cwm - poster prep	signal	false	2026-02-09 00:00	2026-02-09 01:00
sleep	sleep	false	2026-02-09 02:00	2026-02-09 05:00
sleep	sleep	false	2026-02-09 05:00	2026-02-09 08:00
cwm - poster prep	signal	false	2026-02-09 08:30	2026-02-09 09:30
cwm - block seminar	signal	false	2026-02-09 10:00	2026-02-09 12:00
cwm - block seminar	signal	false	2026-02-09 14:00	2026-02-09 16:00
project - parker pr	signal	false	2026-02-09 18:00	2026-02-09 19:00
project - x post fix	signal	false	2026-02-09 19:00	2026-02-09 20:00
project - x post parker	signal	false	2026-02-09 20:00	2026-02-09 21:00
project - batched muon pr	signal	false	2026-02-09 23:00	2026-02-10 00:00
project - batched muon pr	signal	false	2026-02-10 00:00	2026-02-10 02:00
project - tqs 4 cramming	signal	false	2026-02-10 02:00	2026-02-10 03:00
sleep	sleep	false	2026-02-10 03:00	2026-02-10 07:00
sleep	sleep	false	2026-02-10 07:00	2026-02-10 10:00
project - tqs 4 cramming	signal	false	2026-02-10 12:00	2026-02-10 13:00
project - tqs 5 rora	signal	false	2026-02-10 13:00	2026-02-10 14:00
cwm - henrike mail	signal	false	2026-02-10 14:30	2026-02-10 15:30
project - tqs 6 golu	signal	false	2026-02-10 16:00	2026-02-10 17:00
gym	noise	false	2026-02-10 17:00	2026-02-10 18:00
project - batched muon pr	signal	false	2026-02-10 20:00	2026-02-10 21:00
project - poster revision	signal	false	2026-02-10 21:30	2026-02-10 23:30
project - batched muon pr	signal	false	2026-02-11 00:00	2026-02-11 01:00
project - x post	signal	false	2026-02-11 01:00	2026-02-11 02:00
project	signal	false	2026-02-11 02:00	2026-02-11 03:00
project - poster revision	signal	false	2026-02-11 03:00	2026-02-11 05:00
job search	signal	false	2026-02-11 05:00	2026-02-11 06:00
sleep	sleep	false	2026-02-11 06:00	2026-02-11 09:00
axel meet 07	signal	false	2026-02-11 10:00	2026-02-11 11:00
project - poster revision	signal	false	2026-02-11 11:00	2026-02-11 12:00
facetime borofil	noise	false	2026-02-11 13:00	2026-02-11 14:00
bildung für alle	noise	false	2026-02-11 14:00	2026-02-11 15:30
project - parker ablation	signal	false	2026-02-11 17:30	2026-02-11 19:00
job search	signal	false	2026-02-12 00:00	2026-02-12 01:00
sleep	sleep	false	2026-02-12 01:30	2026-02-12 06:00
sleep	sleep	false	2026-02-12 06:00	2026-02-12 07:00
sleep	sleep	false	2026-02-12 07:00	2026-02-12 10:30
project - parker ablation	signal	false	2026-02-12 12:30	2026-02-12 14:00
Infos for Projects & Theses CS Uni Freiburg	signal	false	2026-02-12 14:00	2026-02-12 15:30
project - poster prep	signal	false	2026-02-12 15:30	2026-02-12 17:00
project - student poster day	signal	false	2026-02-12 17:30	2026-02-12 19:30
oscar wildes mit lab	noise	false	2026-02-12 20:00	2026-02-12 23:00
sleep	sleep	false	2026-02-13 02:00	2026-02-13 07:00
sleep	sleep	false	2026-02-13 07:00	2026-02-13 10:00
project - tqs 6 golu	signal	false	2026-02-13 10:30	2026-02-13 11:30
tabiclv2	signal	false	2026-02-13 12:00	2026-02-13 13:00
project - tqs 6 golu	signal	false	2026-02-13 13:30	2026-02-13 14:30
project - ablation record	signal	false	2026-02-13 15:00	2026-02-13 16:30
xai talk	noise	false	2026-02-13 17:30	2026-02-13 18:30
schwimmen	noise	false	2026-02-13 19:00	2026-02-13 20:00
bananenbrot	noise	false	2026-02-13 22:00	2026-02-14 00:00
sleep	sleep	false	2026-02-14 02:00	2026-02-14 06:00
sleep	sleep	false	2026-02-14 06:00	2026-02-14 07:00
sleep	sleep	false	2026-02-14 07:00	2026-02-14 10:00
tabiclv2	signal	false	2026-02-14 11:00	2026-02-14 12:30
tabiclv2	signal	false	2026-02-14 13:00	2026-02-14 14:30
tabiclv2	signal	false	2026-02-14 15:00	2026-02-14 16:00
wg date	noise	false	2026-02-14 18:00	2026-02-14 19:00
hiwi - nans pr	hiwi	false	2026-02-14 21:00	2026-02-14 22:00
hiwi - pfns pr	hiwi	false	2026-02-14 23:00	2026-02-15 00:00
hiwi - pfns pr	hiwi	false	2026-02-15 00:00	2026-02-15 01:00
sleep	sleep	false	2026-02-15 02:00	2026-02-15 06:00
sleep	sleep	false	2026-02-15 06:00	2026-02-15 08:00
sleep	sleep	false	2026-02-15 08:00	2026-02-15 10:00
tabiclv2	signal	false	2026-02-15 10:00	2026-02-15 12:00
tabiclv2	signal	false	2026-02-15 14:00	2026-02-15 16:00
tabiclv2	signal	false	2026-02-15 18:00	2026-02-15 19:00
hiwi - pfns pr	hiwi	false	2026-02-15 23:00	2026-02-16 00:00
sleep	sleep	false	2026-02-16 02:00	2026-02-16 05:00
sleep	sleep	false	2026-02-16 05:00	2026-02-16 09:00
sleep	sleep	false	2026-02-16 09:00	2026-02-16 10:00
cv - oktay exam	signal	false	2026-02-16 12:00	2026-02-16 13:00
project - axel meet 08 ishan	signal	false	2026-02-16 15:00	2026-02-16 16:00
gym	noise	false	2026-02-16 19:30	2026-02-16 20:30
sleep	sleep	false	2026-02-17 02:00	2026-02-17 06:00
sleep	sleep	false	2026-02-17 06:00	2026-02-17 10:00
hiwi - linda	hiwi	false	2026-02-17 12:30	2026-02-17 13:30
sleep	sleep	false	2026-02-18 02:00	2026-02-18 07:00
sleep	sleep	false	2026-02-18 07:00	2026-02-18 10:00
dlho	signal	false	2026-02-18 15:00	2026-02-18 16:00
project	signal	false	2026-02-18 22:00	2026-02-18 23:30
hiwi - pfns pr	hiwi	false	2026-02-19 00:00	2026-02-19 01:00
sleep	sleep	false	2026-02-19 03:00	2026-02-19 08:00
sleep	sleep	false	2026-02-19 08:00	2026-02-19 10:30
project	signal	false	2026-02-19 11:00	2026-02-19 12:00
hiwi - meet prep	hiwi	false	2026-02-19 12:00	2026-02-19 13:00
meeting	hiwi	false	2026-02-19 13:00	2026-02-19 14:00
vibecode milsto	noise	false	2026-02-19 23:00	2026-02-20 00:00
vibecode milsto	noise	false	2026-02-20 00:00	2026-02-20 03:00
sleep	sleep	false	2026-02-20 03:00	2026-02-20 08:00
sleep	sleep	false	2026-02-20 08:00	2026-02-20 10:30
project - tqs 6 golu	signal	false	2026-02-20 10:30	2026-02-20 11:30
mittagessen mit fittingroom	noise	false	2026-02-20 11:30	2026-02-20 12:30
project - axel meet 09	signal	false	2026-02-20 12:30	2026-02-20 13:30
project - tqs 6 golu	signal	false	2026-02-20 14:30	2026-02-20 15:30
hiwi - linda	hiwi	false	2026-02-20 15:30	2026-02-20 16:30
calendaring	noise	false	2026-02-21 00:00	2026-02-21 03:00
sleep	sleep	false	2026-02-21 03:00	2026-02-21 06:30
sleep	sleep	false	2026-02-21 06:30	2026-02-21 08:00
icm 5k	noise	false	2026-02-21 08:30	2026-02-21 12:00
schritte plus neu 4	signal	false	2026-02-21 12:00	2026-02-21 13:00
cafe cursor	signal	false	2026-02-21 13:00	2026-02-21 17:00
project - tqs 6 golu	signal	false	2026-02-22 01:30	2026-02-22 03:30
sleep	sleep	false	2026-02-22 04:00	2026-02-22 10:00
sleep	sleep	false	2026-02-22 10:00	2026-02-22 13:30
project - tqs 6 golu	signal	false	2026-02-22 14:00	2026-02-22 16:30
axel reply	signal	false	2026-02-22 16:30	2026-02-22 17:30
karaalp burger	noise	false	2026-02-22 17:30	2026-02-22 18:30
hiwi - pfns pr	hiwi	false	2026-02-22 20:30	2026-02-22 22:30
hiwi - format pr	hiwi	false	2026-02-22 23:00	2026-02-23 00:00
hiwi - format pr	hiwi	false	2026-02-23 00:00	2026-02-23 01:00
project - tqs 6 golu	signal	false	2026-02-23 02:00	2026-02-23 03:00
sleep	sleep	false	2026-02-23 03:00	2026-02-23 08:00
sleep	sleep	false	2026-02-23 08:00	2026-02-23 09:00
sleep	sleep	false	2026-02-23 09:30	2026-02-23 11:00
hiwi - linda	hiwi	false	2026-02-23 11:00	2026-02-23 12:00
öğrenci belgeleri	noise	false	2026-02-23 12:30	2026-02-23 13:30
falk mail	signal	false	2026-02-23 13:30	2026-02-23 15:00
biometrik foto 	noise	false	2026-02-23 15:00	2026-02-23 16:00
baf deutschkurs	signal	false	2026-02-23 17:30	2026-02-23 19:00
project - tqs 6 golu	signal	false	2026-02-23 23:00	2026-02-24 00:00
axel bd	noise	false	2026-02-24 02:00	2026-02-24 03:00
hiwi - jarne pr	hiwi	false	2026-02-24 03:00	2026-02-24 04:00
sleep	sleep	false	2026-02-24 05:00	2026-02-24 07:00
Freiburg ➞ Karlsruhe	noise	false	2026-02-24 08:00	2026-02-24 09:00
konsolosluk pasaport	noise	false	2026-02-24 09:20	2026-02-24 10:20
kaffee mit marco	noise	false	2026-02-24 12:00	2026-02-24 13:00
rl - drop exam	signal	false	2026-02-24 13:30	2026-02-24 14:30
bwUniCluster	signal	false	2026-02-24 15:00	2026-02-24 16:00
Karlsruhe ➞ Freiburg	noise	false	2026-02-24 17:30	2026-02-24 18:30
project - tqs 6 golu	signal	false	2026-02-24 22:00	2026-02-24 23:00
sleep	sleep	false	2026-02-25 01:30	2026-02-25 07:30
icebad	noise	false	2026-02-25 08:00	2026-02-25 09:00
sleep	sleep	false	2026-02-25 10:00	2026-02-25 13:00
project - tqs 6 golu	signal	false	2026-02-25 15:00	2026-02-25 17:00
baf deutschkurs	signal	false	2026-02-25 17:30	2026-02-25 19:00
sleep	sleep	false	2026-02-26 03:00	2026-02-26 08:00
sleep	sleep	false	2026-02-26 08:00	2026-02-26 11:00
meeting	hiwi	false	2026-02-26 13:00	2026-02-26 14:00
ove defence	signal	false	2026-02-26 16:00	2026-02-26 17:00
ensar defence	signal	false	2026-02-26 17:00	2026-02-26 18:00
baf deutschkurs	signal	false	2026-02-26 18:00	2026-02-26 19:00
sleep	sleep	false	2026-02-27 03:00	2026-02-27 05:30
sleep	sleep	false	2026-02-27 05:30	2026-02-27 07:00
sleep	sleep	false	2026-02-27 07:00	2026-02-27 10:00
jarne defence	signal	false	2026-02-27 11:00	2026-02-27 12:00
mittagessen mit lab	noise	false	2026-02-27 12:00	2026-02-27 13:00
hiwi - jarne pr	hiwi	false	2026-02-27 13:30	2026-02-27 14:30
kaffeekränzchen	noise	false	2026-02-27 15:00	2026-02-27 16:00
schwimmen	noise	false	2026-02-27 19:00	2026-02-27 20:00
sleep	sleep	false	2026-02-28 00:00	2026-02-28 03:00
sleep	sleep	false	2026-02-28 03:00	2026-02-28 07:00
sleep	sleep	false	2026-02-28 07:00	2026-02-28 10:30
timon bd	noise	false	2026-02-28 16:30	2026-02-28 22:00
sleep	sleep	false	2026-03-01 04:00	2026-03-01 07:00
sleep	sleep	false	2026-03-01 07:00	2026-03-01 11:00
karaalp burger	noise	false	2026-03-01 12:00	2026-03-01 13:00
sleep	sleep	false	2026-03-02 03:00	2026-03-02 05:00
sleep	sleep	false	2026-03-02 05:00	2026-03-02 09:30
sleep	sleep	false	2026-03-02 09:30	2026-03-02 10:30
hiwi - embedding	hiwi	false	2026-03-02 12:00	2026-03-02 16:00
baf deutschkurs	signal	false	2026-03-02 17:30	2026-03-02 19:00
wikipedi - tabpfn	signal	false	2026-03-02 23:00	2026-03-03 00:00
sleep	sleep	false	2026-03-03 01:00	2026-03-03 07:00
sleep	sleep	false	2026-03-03 07:00	2026-03-03 08:30
sleep	sleep	false	2026-03-03 08:30	2026-03-03 10:00
hiwi - embedding	hiwi	false	2026-03-03 10:30	2026-03-03 11:30
sleep	sleep	false	2026-03-03 16:00	2026-03-03 19:00
sleep	sleep	false	2026-03-04 04:00	2026-03-04 07:00
sleep	sleep	false	2026-03-04 07:00	2026-03-04 08:30
hiwi - embedding	hiwi	false	2026-03-04 10:00	2026-03-04 11:00
project - deterministic flag 	signal	false	2026-03-04 16:30	2026-03-04 17:30
baf deutschkurs	signal	false	2026-03-04 17:30	2026-03-04 19:00
sleep	sleep	false	2026-03-05 03:00	2026-03-05 07:00
sleep	sleep	false	2026-03-05 07:00	2026-03-05 09:00
muzaffer defence	signal	false	2026-03-05 11:00	2026-03-05 12:00
project - slides	signal	false	2026-03-05 12:00	2026-03-05 13:00
meeting	hiwi	false	2026-03-05 13:00	2026-03-05 14:00
hiwi - linda	hiwi	false	2026-03-05 14:00	2026-03-05 15:00
project - axel meet 10	signal	false	2026-03-05 15:00	2026-03-05 16:00
baf deutschkurs	signal	false	2026-03-05 17:30	2026-03-05 19:00
facetime zerben	noise	false	2026-03-05 20:00	2026-03-05 21:00
sleep	sleep	false	2026-03-06 02:30	2026-03-06 04:30
sleep	sleep	false	2026-03-06 04:30	2026-03-06 05:30
sleep	sleep	false	2026-03-06 06:00	2026-03-06 07:00
sleep	sleep	false	2026-03-06 07:00	2026-03-06 08:30
skate sesh mit franz	noise	false	2026-03-06 09:00	2026-03-06 12:30
Causal Insights TabPFN	signal	false	2026-03-06 16:00	2026-03-06 17:00
sleep	sleep	false	2026-03-07 00:00	2026-03-07 02:00
sleep	sleep	false	2026-03-07 02:00	2026-03-07 04:00
sleep	sleep	false	2026-03-07 04:00	2026-03-07 06:00
sleep	sleep	false	2026-03-07 06:00	2026-03-07 08:00
sleep	sleep	false	2026-03-07 08:00	2026-03-07 10:00
einkaufen mit carmelsky	noise	false	2026-03-07 13:00	2026-03-07 14:00
goodbye pizzaabend	noise	false	2026-03-07 19:00	2026-03-07 23:00
sleep	sleep	false	2026-03-08 00:00	2026-03-08 04:00
sleep	sleep	false	2026-03-08 04:00	2026-03-08 07:00
spazieren mit emma	noise	false	2026-03-08 07:00	2026-03-08 08:00
facetime atilla	noise	false	2026-03-08 11:30	2026-03-08 12:30
sleep	sleep	false	2026-03-09 00:00	2026-03-09 04:00
sleep	sleep	false	2026-03-09 04:00	2026-03-09 07:00
sleep	sleep	false	2026-03-09 07:00	2026-03-09 08:30
the ebst teqniques that hasnt been implemented that can be implemented and will cause huge speedups rank them	signal	false	2026-03-09 15:30	2026-03-09 18:00
icm bad poetry	noise	false	2026-03-09 18:00	2026-03-09 21:00
facetime borofil	noise	false	2026-03-09 22:00	2026-03-09 23:00
facetime güray abi	noise	false	2026-03-09 23:00	2026-03-10 00:00
sleep	sleep	false	2026-03-10 01:00	2026-03-10 05:00
sleep	sleep	false	2026-03-10 05:00	2026-03-10 07:00
Freiburg ➞ Karlsruhe	noise	false	2026-03-10 07:30	2026-03-10 08:30
konsolosluk pasaport	noise	false	2026-03-10 08:30	2026-03-10 09:30
skate sesh mit franz	noise	false	2026-03-10 10:00	2026-03-10 11:30
kaffee mit marco	noise	false	2026-03-10 12:30	2026-03-10 13:30
skate sesh mit franz	noise	false	2026-03-10 13:30	2026-03-10 15:30
skate sesh mit franz	noise	false	2026-03-10 16:30	2026-03-10 18:00
apis	signal	false	2026-03-10 20:30	2026-03-10 21:30
Karlsruhe ➞ Freiburg	noise	false	2026-03-10 21:30	2026-03-10 22:30
sleep	sleep	false	2026-03-11 00:30	2026-03-11 03:00
sleep	sleep	false	2026-03-11 03:00	2026-03-11 07:00
sleep	sleep	false	2026-03-11 07:00	2026-03-11 10:00
baf deutschkurs	signal	false	2026-03-11 17:30	2026-03-11 19:00
lbv	noise	false	2026-03-12 00:00	2026-03-12 01:00
sleep	sleep	false	2026-03-12 02:00	2026-03-12 03:00
bus	noise	false	2026-03-12 04:00	2026-03-12 09:00
sleep	sleep	false	2026-03-12 05:00	2026-03-12 06:00
sleep	sleep	false	2026-03-12 07:00	2026-03-12 08:00
embedded world	signal	false	2026-03-12 09:30	2026-03-12 13:30
nürnberg tour	noise	false	2026-03-12 13:30	2026-03-12 16:00
embedded world	signal	false	2026-03-12 16:00	2026-03-12 17:00
bus	noise	false	2026-03-12 17:00	2026-03-12 22:00
sleep	sleep	false	2026-03-12 23:00	2026-03-13 00:00
sleep	sleep	false	2026-03-13 00:00	2026-03-13 05:00
sleep	sleep	false	2026-03-13 05:00	2026-03-13 08:00
aufenthaltstitel	noise	false	2026-03-13 10:00	2026-03-13 11:00
project	signal	false	2026-03-13 11:00	2026-03-13 14:00
SWR-Sinfonieorchesters	noise	false	2026-03-13 18:30	2026-03-13 21:00
sleep	sleep	false	2026-03-14 04:00	2026-03-14 07:00
sleep	sleep	false	2026-03-14 07:00	2026-03-14 10:00
job search	signal	false	2026-03-14 20:00	2026-03-14 21:00
project	signal	false	2026-03-14 22:00	2026-03-15 00:00
project	signal	false	2026-03-15 00:00	2026-03-15 01:00
sleep	sleep	false	2026-03-15 02:00	2026-03-15 06:00
sleep	sleep	false	2026-03-15 06:00	2026-03-15 09:00
sleep	sleep	false	2026-03-15 09:30	2026-03-15 10:30
project	signal	false	2026-03-15 12:00	2026-03-15 14:00
project	signal	false	2026-03-15 15:00	2026-03-15 17:00
sleep	sleep	false	2026-03-16 02:00	2026-03-16 07:00
sleep	sleep	false	2026-03-16 07:00	2026-03-16 09:30
laufen	noise	false	2026-03-16 10:00	2026-03-16 11:00
project - residual decay	signal	false	2026-03-16 11:00	2026-03-16 13:00
project - residual decay	signal	false	2026-03-16 16:00	2026-03-16 17:00
baf deutschkurs	signal	false	2026-03-16 17:30	2026-03-16 19:00
project - residual decay	signal	false	2026-03-17 00:00	2026-03-17 01:00
sleep	sleep	false	2026-03-17 01:00	2026-03-17 04:00
sleep	sleep	false	2026-03-17 04:00	2026-03-17 07:00
sleep	sleep	false	2026-03-17 07:00	2026-03-17 10:00
hiwi - levi	hiwi	false	2026-03-17 22:00	2026-03-18 00:00
hiwi	hiwi	false	2026-03-18 00:00	2026-03-18 01:00
hiwi - pfns pr	hiwi	false	2026-03-18 01:00	2026-03-18 02:00
sleep	sleep	false	2026-03-18 02:00	2026-03-18 04:30
sleep	sleep	false	2026-03-18 04:30	2026-03-18 07:00
sleep	sleep	false	2026-03-18 07:00	2026-03-18 08:30
sleep	sleep	false	2026-03-18 08:30	2026-03-18 10:30
hiwi - levi	hiwi	false	2026-03-18 10:30	2026-03-18 11:30
project	signal	false	2026-03-18 13:00	2026-03-18 14:00
baf deutschkurs	signal	false	2026-03-18 17:30	2026-03-18 19:00
project - residual decay	signal	false	2026-03-18 21:00	2026-03-18 22:00
project - residual decay	signal	false	2026-03-18 23:00	2026-03-19 00:00
project - x post	signal	false	2026-03-19 00:30	2026-03-19 01:30
hiwi - pfns pr	hiwi	false	2026-03-19 01:30	2026-03-19 02:30
sleep	sleep	false	2026-03-19 02:30	2026-03-19 07:00
sleep	sleep	false	2026-03-19 07:00	2026-03-19 10:30
hiwi - meet prep	hiwi	false	2026-03-19 11:00	2026-03-19 12:00
meeting	hiwi	false	2026-03-19 13:00	2026-03-19 14:00
bbq	noise	false	2026-03-19 16:00	2026-03-19 17:00
baf deutschkurs	signal	false	2026-03-19 17:30	2026-03-19 19:00
sleep	sleep	false	2026-03-20 00:30	2026-03-20 02:30
sleep	sleep	false	2026-03-20 02:30	2026-03-20 07:30
icebad	noise	false	2026-03-20 07:30	2026-03-20 08:30
project - meet prep	signal	false	2026-03-20 10:00	2026-03-20 11:00
project - axel meet 11	signal	false	2026-03-20 11:00	2026-03-20 12:00
mittagessen mit lab	noise	false	2026-03-20 12:00	2026-03-20 13:00
kasi	noise	false	2026-03-20 14:00	2026-03-20 17:30
sleep	sleep	false	2026-03-21 01:00	2026-03-21 04:00
sleep	sleep	false	2026-03-21 04:00	2026-03-21 06:00
sleep	sleep	false	2026-03-21 06:00	2026-03-21 09:00
sleep	sleep	false	2026-03-22 02:30	2026-03-22 06:00
sleep	sleep	false	2026-03-22 06:00	2026-03-22 09:30
hiwi - pfns pr	hiwi	false	2026-03-22 16:00	2026-03-22 18:00
laufen 	noise	false	2026-03-22 18:00	2026-03-22 19:30
project - xsa	signal	false	2026-03-22 21:30	2026-03-22 23:00
hiwi - pfns pr	hiwi	false	2026-03-23 01:30	2026-03-23 02:30
sleep	sleep	false	2026-03-23 03:00	2026-03-23 05:00
sleep	sleep	false	2026-03-23 05:00	2026-03-23 09:00
sleep	sleep	false	2026-03-23 09:30	2026-03-23 10:30
hiwi - whiteboard	hiwi	false	2026-03-23 14:00	2026-03-23 15:00
baf deutschkurs	signal	false	2026-03-23 17:30	2026-03-23 19:00
deutsch lernen	signal	false	2026-03-23 23:00	2026-03-24 00:00
sleep	sleep	false	2026-03-24 02:00	2026-03-24 06:30
sleep	sleep	false	2026-03-24 06:30	2026-03-24 09:30
hiwi - pfns pr	hiwi	false	2026-03-24 11:00	2026-03-24 14:00
hiwi - deps	hiwi	false	2026-03-24 17:00	2026-03-24 20:00
project - autoresearch	signal	false	2026-03-24 23:00	2026-03-25 00:00
bananenbrot - thilo	noise	false	2026-03-25 01:00	2026-03-25 02:30
sleep	sleep	false	2026-03-25 03:00	2026-03-25 07:00
sleep	sleep	false	2026-03-25 07:00	2026-03-25 08:30
sleep	sleep	false	2026-03-25 08:30	2026-03-25 10:30
project - sweep rdecay	signal	false	2026-03-25 16:30	2026-03-25 17:30
baf deutschkurs	signal	false	2026-03-25 17:30	2026-03-25 19:00
hiwi - ensemble	hiwi	false	2026-03-25 20:00	2026-03-25 22:00
thilo bd	noise	false	2026-03-25 22:00	2026-03-25 23:00
bananenbrot - marta	noise	false	2026-03-25 23:00	2026-03-26 00:00
sleep	sleep	false	2026-03-26 01:00	2026-03-26 05:00
sleep	sleep	false	2026-03-26 05:00	2026-03-26 07:00
sleep	sleep	false	2026-03-26 07:00	2026-03-26 09:30
hiwi	hiwi	false	2026-03-26 11:00	2026-03-26 13:00
meeting	hiwi	false	2026-03-26 13:00	2026-03-26 14:00
marta bd	noise	false	2026-03-26 15:00	2026-03-26 17:00
baf deutschkurs	signal	false	2026-03-26 17:30	2026-03-26 19:00
project - tqs	signal	false	2026-03-26 19:30	2026-03-26 21:30
sleep	sleep	false	2026-03-27 01:00	2026-03-27 04:00
sleep	sleep	false	2026-03-27 04:00	2026-03-27 07:30
project - tqs	signal	false	2026-03-27 08:00	2026-03-27 11:00
laufen mit timon	noise	false	2026-03-27 14:00	2026-03-27 15:30
project - tqs	signal	false	2026-03-27 18:00	2026-03-27 20:00
project - tabpfnv26	signal	false	2026-03-27 21:30	2026-03-27 23:30
sleep	sleep	false	2026-03-28 01:00	2026-03-28 05:00
sleep	sleep	false	2026-03-28 05:00	2026-03-28 08:00
sleep	sleep	false	2026-03-28 08:00	2026-03-28 10:00
read - book of why	signal	false	2026-03-28 12:30	2026-03-28 13:30
project - tabpfnv26	signal	false	2026-03-28 15:30	2026-03-28 16:30
project - tabpfnv26	signal	false	2026-03-28 17:30	2026-03-28 19:00
project - x post	signal	false	2026-03-28 19:00	2026-03-28 20:30
burgers mit jungs	noise	false	2026-03-28 20:30	2026-03-28 21:30
bananenbrot - karaalp	noise	false	2026-03-28 21:30	2026-03-28 22:30
project - x post	signal	false	2026-03-28 22:30	2026-03-28 23:30
sleep	sleep	false	2026-03-29 03:00	2026-03-29 09:00
sleep	sleep	false	2026-03-29 09:30	2026-03-29 10:30
brunch mit wg	noise	false	2026-03-29 11:00	2026-03-29 13:00
karaalp bd	noise	false	2026-03-29 13:00	2026-03-29 14:00
hiwi - ensemble	hiwi	false	2026-03-29 20:30	2026-03-29 23:30
hiwi - regressor ckpt	hiwi	false	2026-03-30 00:00	2026-03-30 02:00
sleep	sleep	false	2026-03-30 03:00	2026-03-30 07:00
sleep	sleep	false	2026-03-30 07:00	2026-03-30 09:30
sleep	sleep	false	2026-03-30 09:30	2026-03-30 10:30
hiwi - regressor ckpt	hiwi	false	2026-03-30 12:00	2026-03-30 15:00
hiwi - levi one step	hiwi	false	2026-03-30 16:30	2026-03-30 19:30
jannis dg	noise	false	2026-03-30 20:30	2026-03-30 23:30
sleep	sleep	false	2026-03-31 01:00	2026-03-31 07:00
sleep	sleep	false	2026-03-31 07:00	2026-03-31 09:30
hiwi - experiment	hiwi	false	2026-03-31 10:30	2026-03-31 11:30
project - x0mix	signal	false	2026-03-31 11:30	2026-03-31 12:30
project 	signal	false	2026-03-31 14:00	2026-03-31 16:00
project	signal	false	2026-04-01 00:30	2026-04-01 01:30
sleep	sleep	false	2026-04-01 03:00	2026-04-01 06:00
sleep	sleep	false	2026-04-01 06:00	2026-04-01 09:30
sleep	sleep	false	2026-04-01 09:30	2026-04-01 10:30
project	signal	false	2026-04-01 11:00	2026-04-01 12:00
project	signal	false	2026-04-01 14:00	2026-04-01 15:00
project	signal	false	2026-04-01 16:00	2026-04-01 18:00
project	signal	false	2026-04-01 20:00	2026-04-01 21:00
project	signal	false	2026-04-02 01:00	2026-04-02 03:00
sleep	sleep	false	2026-04-02 03:30	2026-04-02 07:00
sleep	sleep	false	2026-04-02 07:00	2026-04-02 09:30
sleep	sleep	false	2026-04-02 09:30	2026-04-02 11:30
meeting	hiwi	false	2026-04-02 13:00	2026-04-02 14:00
read TimEE	signal	false	2026-04-02 14:00	2026-04-02 15:00
project	signal	false	2026-04-02 15:00	2026-04-02 17:00
levi meet TimEE	signal	false	2026-04-02 17:30	2026-04-02 18:30
project	signal	false	2026-04-03 00:30	2026-04-03 02:30
sleep	sleep	false	2026-04-03 04:00	2026-04-03 06:00
sleep	sleep	false	2026-04-03 06:00	2026-04-03 09:30
sleep	sleep	false	2026-04-03 10:30	2026-04-03 11:30
movie mit lorenz	noise	false	2026-04-03 21:30	2026-04-04 00:00
sleep	sleep	false	2026-04-04 03:00	2026-04-04 07:00
sleep	sleep	false	2026-04-04 07:00	2026-04-04 09:30
sleep	sleep	false	2026-04-04 09:30	2026-04-04 12:00
hiwi - tabarena	hiwi	false	2026-04-05 00:00	2026-04-05 02:00
sleep	sleep	false	2026-04-05 03:00	2026-04-05 06:00
sleep	sleep	false	2026-04-05 06:00	2026-04-05 08:00
sleep	sleep	false	2026-04-05 08:00	2026-04-05 11:00
lavender 5k	noise	false	2026-04-05 11:30	2026-04-05 13:00
welcome hadi	noise	false	2026-04-05 13:00	2026-04-05 14:00
mittagessen - karaalp	noise	false	2026-04-05 14:00	2026-04-05 15:00
hiwi - regressor ckpt	hiwi	false	2026-04-05 16:00	2026-04-05 19:00
abendessen	noise	false	2026-04-05 19:00	2026-04-05 20:00
hiwi - regressor ckpt	hiwi	false	2026-04-05 22:00	2026-04-06 00:00
sleep	sleep	false	2026-04-06 03:00	2026-04-06 07:00
sleep	sleep	false	2026-04-06 07:00	2026-04-06 09:30
sleep	sleep	false	2026-04-06 09:30	2026-04-06 12:00
frühstück	noise	false	2026-04-06 12:00	2026-04-06 13:00
hiwi - regressor ckpt	hiwi	false	2026-04-06 13:00	2026-04-06 18:00
hiwi - regressor ckpt	hiwi	false	2026-04-06 19:30	2026-04-06 20:30
abendessen	noise	false	2026-04-06 20:30	2026-04-06 22:00
sleep	sleep	false	2026-04-07 04:00	2026-04-07 09:30
sleep	sleep	false	2026-04-07 09:30	2026-04-07 11:30
mittagessen	noise	false	2026-04-07 11:30	2026-04-07 12:30
hiwi - regressor ckpt	hiwi	false	2026-04-07 12:30	2026-04-07 15:00
hiwi - regressor ckpt	hiwi	false	2026-04-07 16:00	2026-04-07 19:30
abendessen	noise	false	2026-04-07 20:30	2026-04-07 21:30
hiwi - regressor ckpt	hiwi	false	2026-04-07 22:30	2026-04-07 23:30
hiwi - regressor ckpt	hiwi	false	2026-04-08 00:00	2026-04-08 02:00
sleep	sleep	false	2026-04-08 04:00	2026-04-08 07:30
icebaden & dusche	noise	false	2026-04-08 07:30	2026-04-08 08:30
apis placement test	signal	false	2026-04-08 09:00	2026-04-08 10:00
foto & aufenthaltstitel	noise	false	2026-04-08 10:00	2026-04-08 11:00
dlho - rona	signal	false	2026-04-08 15:00	2026-04-08 16:00
abendessen	noise	false	2026-04-08 19:00	2026-04-08 20:00
bananenbrot	noise	false	2026-04-08 21:00	2026-04-08 23:00
sleep	sleep	false	2026-04-09 03:00	2026-04-09 07:30
frühstück	noise	false	2026-04-09 08:00	2026-04-09 09:00
intensivkurs	signal	false	2026-04-09 09:00	2026-04-09 12:00
meeting	hiwi	false	2026-04-09 13:00	2026-04-09 14:00
project - attention	signal	false	2026-04-09 15:00	2026-04-09 16:00
project - amir	signal	false	2026-04-09 16:00	2026-04-09 17:00
project - attention	signal	false	2026-04-09 17:00	2026-04-09 19:00
abendessen	noise	false	2026-04-09 20:00	2026-04-09 21:00
sleep	sleep	false	2026-04-10 03:00	2026-04-10 07:30
frühstück	noise	false	2026-04-10 08:00	2026-04-10 09:00
intensivkurs	signal	false	2026-04-10 09:00	2026-04-10 12:00
barmer ta7	noise	false	2026-04-10 12:00	2026-04-10 13:00
mittagessen mit kutay + 2	noise	false	2026-04-10 13:00	2026-04-10 14:00
theaterführung	signal	false	2026-04-10 14:00	2026-04-10 16:00
project - attention	signal	false	2026-04-10 19:00	2026-04-10 23:00
project - lawa	signal	false	2026-04-10 23:00	2026-04-11 00:00
project - lawa	signal	false	2026-04-11 00:00	2026-04-11 01:00
project - codex	signal	false	2026-04-11 01:00	2026-04-11 02:00
bananenbrot	noise	false	2026-04-11 02:00	2026-04-11 03:00
abendessen	noise	false	2026-04-11 03:00	2026-04-11 04:00
sleep	sleep	false	2026-04-11 04:30	2026-04-11 10:00
shakeout halbmarathon set	noise	false	2026-04-11 11:00	2026-04-11 12:00
mittagessen	noise	false	2026-04-11 12:00	2026-04-11 13:00
project - featuregroup	signal	false	2026-04-11 16:00	2026-04-11 17:00
project - featuregroup	signal	false	2026-04-11 18:30	2026-04-11 21:30
lebensmittel	noise	false	2026-04-11 21:30	2026-04-11 22:30
abendessen	noise	false	2026-04-11 22:30	2026-04-11 23:30
sleep	sleep	false	2026-04-12 02:00	2026-04-12 08:30
frühstück	noise	false	2026-04-12 08:30	2026-04-12 09:30
freiburg halbmarathon	noise	false	2026-04-12 10:30	2026-04-12 13:00
project - autoresearch	signal	false	2026-04-12 19:00	2026-04-12 20:00
kasespatzle abend	noise	false	2026-04-12 21:00	2026-04-12 23:00
sleep	sleep	false	2026-04-13 01:00	2026-04-13 05:00
sleep	sleep	false	2026-04-13 05:00	2026-04-13 08:00
frühstück	noise	false	2026-04-13 08:00	2026-04-13 09:00
intensivkurs	signal	false	2026-04-13 09:00	2026-04-13 12:00
mittagessen mit pranav	noise	false	2026-04-13 12:00	2026-04-13 13:00
rl	signal	false	2026-04-13 14:30	2026-04-13 16:30
baf deutschkurs	signal	false	2026-04-13 17:30	2026-04-13 19:00
hiwi	hiwi	false	2026-04-13 23:00	2026-04-14 00:00
sleep	sleep	false	2026-04-14 01:30	2026-04-14 04:00
sleep	sleep	false	2026-04-14 04:00	2026-04-14 06:30
rl	signal	false	2026-04-14 07:00	2026-04-14 09:00
intensivkurs	signal	false	2026-04-14 09:00	2026-04-14 12:00
mittagessen mit pranav	noise	false	2026-04-14 12:00	2026-04-14 13:00
rl	signal	false	2026-04-14 13:00	2026-04-14 15:00
sleep	sleep	false	2026-04-14 15:00	2026-04-14 18:00
falki bikes	noise	false	2026-04-14 18:00	2026-04-14 21:00
project - autoresearch	signal	false	2026-04-15 01:00	2026-04-15 02:00
sleep	sleep	false	2026-04-15 02:30	2026-04-15 04:30
sleep	sleep	false	2026-04-15 04:30	2026-04-15 06:30
sleep	sleep	false	2026-04-15 06:30	2026-04-15 09:30
sleep	sleep	false	2026-04-15 09:30	2026-04-15 11:00
mittagessen mit lab	noise	false	2026-04-15 12:00	2026-04-15 13:00
bwidee - c1 - intro	signal	false	2026-04-15 16:00	2026-04-15 18:00
baf deutschkurs	signal	false	2026-04-15 18:00	2026-04-15 19:00
abendessen - doner	noise	false	2026-04-15 19:00	2026-04-15 20:00
sleep	sleep	false	2026-04-16 01:30	2026-04-16 05:00
sleep	sleep	false	2026-04-16 05:00	2026-04-16 08:30
sleep	sleep	false	2026-04-16 08:30	2026-04-16 11:00
meeting	hiwi	false	2026-04-16 13:00	2026-04-16 14:00
hiwi - axel meet	hiwi	false	2026-04-16 14:00	2026-04-16 15:00
project - paper	signal	false	2026-04-16 15:00	2026-04-16 16:00
project - axel meet	signal	false	2026-04-16 16:00	2026-04-16 17:00
baf deutschkurs	signal	false	2026-04-16 17:30	2026-04-16 19:00
fill eliza zuse	signal	false	2026-04-16 20:00	2026-04-16 21:00
bananenbrot	noise	false	2026-04-16 21:00	2026-04-16 22:00
falki 5k plan	noise	false	2026-04-16 22:00	2026-04-16 23:00
abendessen	noise	false	2026-04-16 23:00	2026-04-17 00:00
sleep	sleep	false	2026-04-17 01:00	2026-04-17 07:30
intensivkurs	signal	false	2026-04-17 09:00	2026-04-17 13:00
borofil - paket	noise	false	2026-04-17 14:00	2026-04-17 16:00
trl - tabular external knowledge	signal	false	2026-04-17 16:00	2026-04-17 17:00
borofil - erbil döner	noise	false	2026-04-17 18:00	2026-04-17 19:30
borofil - sonnenuntergang	noise	false	2026-04-17 19:30	2026-04-17 21:00
sleep	sleep	false	2026-04-18 02:00	2026-04-18 06:00
sleep	sleep	false	2026-04-18 06:00	2026-04-18 10:00
borofil - kandel	noise	false	2026-04-18 11:00	2026-04-18 13:00
borofil - mittagburger	noise	false	2026-04-18 13:00	2026-04-18 14:00
borofil - abendburger	noise	false	2026-04-18 19:00	2026-04-18 20:00
borofil - hotel	noise	false	2026-04-18 20:00	2026-04-18 22:00
sleep	sleep	false	2026-04-19 02:00	2026-04-19 06:00
sleep	sleep	false	2026-04-19 06:00	2026-04-19 10:00
facetime zerben	noise	false	2026-04-19 19:00	2026-04-19 20:00
project	signal	false	2026-04-19 22:00	2026-04-20 00:00
project - swarm	signal	false	2026-04-20 01:00	2026-04-20 02:00
project	signal	false	2026-04-20 02:00	2026-04-20 04:00
sleep	sleep	false	2026-04-20 05:00	2026-04-20 09:00
sleep	sleep	false	2026-04-20 09:00	2026-04-20 11:00
mittagessen - pizza	noise	false	2026-04-20 12:00	2026-04-20 13:00
project - swarm	signal	false	2026-04-20 13:00	2026-04-20 14:00
adl - c1 - intro	signal	false	2026-04-20 14:00	2026-04-20 16:00
rl - c1 - intro	signal	false	2026-04-20 16:00	2026-04-20 18:00
baf deutschkurs	signal	false	2026-04-20 18:00	2026-04-20 19:00
lebensmittel	noise	false	2026-04-20 19:00	2026-04-20 20:00
abendessen	noise	false	2026-04-20 20:00	2026-04-20 21:00
sleep	sleep	false	2026-04-21 01:00	2026-04-21 07:00
sleep	sleep	false	2026-04-21 07:00	2026-04-21 08:00
morgenkurs b1.1	signal	false	2026-04-21 08:30	2026-04-21 10:00
sleep	sleep	false	2026-04-22 03:00	2026-04-22 06:00
sleep	sleep	false	2026-04-22 06:00	2026-04-22 10:00
fm4sd - kickoff	signal	false	2026-04-22 10:30	2026-04-22 11:30
cwcvdl - kickoff	signal	false	2026-04-22 14:00	2026-04-22 15:00
project - paper	signal	false	2026-04-22 17:00	2026-04-22 18:00
intensivkurs seh prüfung	signal	false	2026-04-22 18:00	2026-04-22 19:00
lebensmittel	noise	false	2026-04-22 19:00	2026-04-22 20:00
project - paper	signal	false	2026-04-22 20:00	2026-04-23 00:00
sleep	sleep	false	2026-04-23 02:00	2026-04-23 05:00
sleep	sleep	false	2026-04-23 05:00	2026-04-23 08:00
sleep	sleep	false	2026-04-23 08:00	2026-04-23 10:00
project - paper	signal	false	2026-04-23 12:00	2026-04-23 13:00
meeting	hiwi	false	2026-04-23 13:00	2026-04-23 14:00
lwls - kickoff	signal	false	2026-04-23 14:00	2026-04-23 15:00
baf deutschkurs	signal	false	2026-04-23 17:30	2026-04-23 18:30
project - paper	signal	false	2026-04-23 21:00	2026-04-24 00:00
project - paper	signal	false	2026-04-24 00:00	2026-04-24 01:00
project - paper	signal	false	2026-04-24 02:00	2026-04-24 04:00
sleep	sleep	false	2026-04-24 04:30	2026-04-24 07:00
sleep	sleep	false	2026-04-24 07:00	2026-04-24 10:00
project	signal	false	2026-04-24 10:30	2026-04-24 11:30
marl - kickoff	signal	false	2026-04-24 15:00	2026-04-24 16:00
kauf transparent box	noise	false	2026-04-24 16:00	2026-04-24 17:00
falki 5k	noise	false	2026-04-24 18:00	2026-04-24 20:00
sleep	sleep	false	2026-04-25 02:00	2026-04-25 06:00
sleep	sleep	false	2026-04-25 06:00	2026-04-25 10:00
sleep	sleep	false	2026-04-26 02:00	2026-04-26 06:00
sleep	sleep	false	2026-04-26 06:00	2026-04-26 10:00
sleep	sleep	false	2026-04-27 02:00	2026-04-27 08:00
project - paper	signal	false	2026-04-27 10:30	2026-04-27 11:30
project - paper	signal	false	2026-04-27 13:00	2026-04-27 14:00
adl - c2 - transformers 	signal	false	2026-04-27 14:00	2026-04-27 16:00
rl - c2 - 	signal	false	2026-04-27 16:00	2026-04-27 17:00
project - paper	signal	false	2026-04-27 17:00	2026-04-27 18:00
icm closing event	signal	false	2026-04-27 18:00	2026-04-27 20:00
project - paper	signal	false	2026-04-27 22:00	2026-04-28 00:00
sleep	sleep	false	2026-04-28 02:00	2026-04-28 07:00
sleep	sleep	false	2026-04-28 07:00	2026-04-28 10:00
project - paper	signal	false	2026-04-28 10:30	2026-04-28 11:30
project - paper	signal	false	2026-04-28 12:00	2026-04-28 15:00
project - axel paper draft	signal	false	2026-04-28 15:00	2026-04-28 16:00
project - paper	signal	false	2026-04-28 23:00	2026-04-29 00:00
project - paper	signal	false	2026-04-29 01:00	2026-04-29 02:00
sleep	sleep	false	2026-04-29 03:00	2026-04-29 06:00
sleep	sleep	false	2026-04-29 06:00	2026-04-29 08:00
sleep	sleep	false	2026-04-29 08:00	2026-04-29 10:00
project - paper	signal	false	2026-04-29 10:00	2026-04-29 11:30
project - paper	signal	false	2026-04-29 12:00	2026-04-29 15:00
project - axel paper draft	signal	false	2026-04-29 15:30	2026-04-29 17:00
project - paper	signal	false	2026-04-29 18:00	2026-04-29 19:00
project - record	signal	false	2026-04-30 03:30	2026-04-30 04:30
sleep	sleep	false	2026-04-30 05:00	2026-04-30 08:00
sleep	sleep	false	2026-04-30 08:00	2026-04-30 10:00
project - paper	signal	false	2026-04-30 10:30	2026-04-30 11:30
meeting	hiwi	false	2026-04-30 13:00	2026-04-30 14:00
safari aufraumen	noise	false	2026-04-30 15:00	2026-04-30 16:00
baf deutschkurs	signal	false	2026-04-30 17:30	2026-04-30 19:00
laufen	noise	false	2026-04-30 19:00	2026-04-30 20:00
sleep	sleep	false	2026-05-01 02:00	2026-05-01 04:00
sleep	sleep	false	2026-05-01 04:00	2026-05-01 07:30
sleep	sleep	false	2026-05-01 07:30	2026-05-01 10:30
project - paper	signal	false	2026-05-01 14:00	2026-05-01 17:00
core	noise	false	2026-05-01 19:00	2026-05-01 20:00
sleep	sleep	false	2026-05-02 02:00	2026-05-02 05:30
sleep	sleep	false	2026-05-02 05:30	2026-05-02 07:30
sleep	sleep	false	2026-05-02 07:30	2026-05-02 10:30
project - paper	signal	false	2026-05-02 14:00	2026-05-02 15:00
ade	noise	false	2026-05-02 17:30	2026-05-02 18:30
project - paper	signal	false	2026-05-03 01:00	2026-05-03 02:00
sleep	sleep	false	2026-05-03 04:30	2026-05-03 07:30
sleep	sleep	false	2026-05-03 07:30	2026-05-03 10:30
lavender 5k	noise	false	2026-05-03 11:30	2026-05-03 13:00
project - paper	signal	false	2026-05-03 14:00	2026-05-03 16:30
project - paper	signal	false	2026-05-03 18:00	2026-05-03 19:30
wg meeting	noise	false	2026-05-03 20:00	2026-05-03 22:00
sleep	sleep	false	2026-05-04 02:00	2026-05-04 05:00
sleep	sleep	false	2026-05-04 05:00	2026-05-04 07:30
sleep	sleep	false	2026-05-04 07:30	2026-05-04 10:00
aufenthaltstitel	noise	false	2026-05-04 12:00	2026-05-04 14:00
rl - c	signal	false	2026-05-04 16:00	2026-05-04 18:00
sleep	sleep	false	2026-05-05 04:00	2026-05-05 08:00
morgenkurs b1.1	signal	false	2026-05-05 08:30	2026-05-05 10:00
project - record	signal	false	2026-05-05 18:00	2026-05-05 19:00
sleep	sleep	false	2026-05-06 02:00	2026-05-06 06:00
sleep	sleep	false	2026-05-06 06:00	2026-05-06 08:00
sleep	sleep	false	2026-05-06 08:00	2026-05-06 11:00
project - record	signal	false	2026-05-06 13:30	2026-05-06 17:30
cursor freiburg	signal	false	2026-05-06 18:00	2026-05-06 21:00
bananenbrot	noise	false	2026-05-06 23:00	2026-05-07 00:00
project - record	signal	false	2026-05-07 02:00	2026-05-07 03:00
sleep	sleep	false	2026-05-07 03:30	2026-05-07 08:00
morgenkurs b1.1	signal	false	2026-05-07 08:30	2026-05-07 10:00
project - paper	signal	false	2026-05-07 15:30	2026-05-07 16:30
project - axel paper draft	signal	false	2026-05-07 16:30	2026-05-07 17:30
project - paper	signal	false	2026-05-07 18:30	2026-05-07 20:00
sleep	sleep	false	2026-05-08 02:00	2026-05-08 06:00
sleep	sleep	false	2026-05-08 06:00	2026-05-08 08:00
sleep	sleep	false	2026-05-08 08:00	2026-05-08 10:00
project - paper	signal	false	2026-05-08 11:30	2026-05-08 14:00
project - axel paper draft	signal	false	2026-05-08 14:00	2026-05-08 15:00
project - paper	signal	false	2026-05-08 15:00	2026-05-08 17:00
project - paper	signal	false	2026-05-08 18:30	2026-05-08 20:00
sleep	sleep	false	2026-05-09 03:00	2026-05-09 08:00
sleep	sleep	false	2026-05-09 08:00	2026-05-09 09:30
project - paper	signal	false	2026-05-09 10:30	2026-05-09 12:00
project - paper	signal	false	2026-05-09 12:30	2026-05-09 14:00
dechatlon mit emma	noise	false	2026-05-09 15:00	2026-05-09 16:00
kaffee mit emma	noise	false	2026-05-09 16:00	2026-05-09 17:00
dm rewe	noise	false	2026-05-09 17:00	2026-05-09 18:00
schwimmen 	noise	false	2026-05-09 18:30	2026-05-09 19:30
essen mit uta 	noise	false	2026-05-09 21:30	2026-05-09 22:30
sleep	sleep	false	2026-05-10 01:00	2026-05-10 04:00
sleep	sleep	false	2026-05-10 04:00	2026-05-10 07:00
workout mit emma	noise	false	2026-05-10 09:00	2026-05-10 11:00
bananenbrot	noise	false	2026-05-10 13:00	2026-05-10 14:00
hiwi - dllab	hiwi	false	2026-05-10 15:30	2026-05-10 16:30
vollversammlung	noise	false	2026-05-10 17:00	2026-05-10 19:00
hiwi - dllab	hiwi	false	2026-05-10 21:00	2026-05-10 23:00
sleep	sleep	false	2026-05-11 01:00	2026-05-11 06:00
sleep	sleep	false	2026-05-11 06:00	2026-05-11 09:00
hiwi - dllab	hiwi	false	2026-05-11 10:00	2026-05-11 12:00
mittagessen mit lab	noise	false	2026-05-11 12:00	2026-05-11 13:00
hiwi - dllab	hiwi	false	2026-05-11 13:30	2026-05-11 17:30
baf deutschkurs	signal	false	2026-05-11 18:00	2026-05-11 19:00
stusie werkstatt	noise	false	2026-05-11 20:00	2026-05-11 21:30
sleep	sleep	false	2026-05-12 01:00	2026-05-12 04:00
sleep	sleep	false	2026-05-12 04:00	2026-05-12 05:00
sleep	sleep	false	2026-05-12 05:00	2026-05-12 06:00
sleep	sleep	false	2026-05-12 06:00	2026-05-12 07:00
morgenkurs b1.1	signal	false	2026-05-12 08:30	2026-05-12 10:00
grind coffee	noise	false	2026-05-12 10:00	2026-05-12 11:00
project - register project 	signal	false	2026-05-12 11:00	2026-05-12 12:00
hiwi - dllab	hiwi	false	2026-05-12 12:30	2026-05-12 13:30
hiwi - dllab	hiwi	false	2026-05-12 19:30	2026-05-12 21:30
sleep	sleep	false	2026-05-13 02:00	2026-05-13 05:00
sleep	sleep	false	2026-05-13 05:00	2026-05-13 07:00
sleep	sleep	false	2026-05-13 07:00	2026-05-13 08:00
sleep	sleep	false	2026-05-13 08:00	2026-05-13 10:00
hiwi - dllab	hiwi	false	2026-05-13 12:30	2026-05-13 13:30
fm4sd - g4 meet	signal	false	2026-05-13 14:00	2026-05-13 15:00
coffee mit markus	noise	false	2026-05-13 15:00	2026-05-13 16:00
hiwi - dllab	hiwi	false	2026-05-13 16:30	2026-05-13 17:30
baf deutschkurs	signal	false	2026-05-13 17:30	2026-05-13 19:00
bananenbrot	noise	false	2026-05-13 20:00	2026-05-13 21:00
sleep	sleep	false	2026-05-14 01:00	2026-05-14 04:00
sleep	sleep	false	2026-05-14 04:00	2026-05-14 07:00
sleep	sleep	false	2026-05-14 08:00	2026-05-14 09:00
sleep	sleep	false	2026-05-14 09:00	2026-05-14 10:00
himmelfahrt brunch	noise	false	2026-05-14 11:00	2026-05-14 13:00
hiwi - dllab	hiwi	false	2026-05-14 21:00	2026-05-15 00:00
sleep	sleep	false	2026-05-15 01:00	2026-05-15 05:00
sleep	sleep	false	2026-05-15 05:00	2026-05-15 07:30
hiwi - tabarena	hiwi	false	2026-05-15 11:00	2026-05-15 12:00
hiwi - tabarena	hiwi	false	2026-05-15 13:00	2026-05-15 17:00
fm4sd - sfopfns	signal	false	2026-05-15 21:30	2026-05-15 22:30
sleep	sleep	false	2026-05-16 03:00	2026-05-16 07:30
sleep	sleep	false	2026-05-16 07:30	2026-05-16 09:30
fm4sd - sfopfns	signal	false	2026-05-16 14:30	2026-05-16 16:30
gym mit timon	noise	false	2026-05-16 18:00	2026-05-16 19:30
fm4sd - sfopfns	signal	false	2026-05-16 21:00	2026-05-16 22:00
sleep	sleep	false	2026-05-17 02:30	2026-05-17 05:30
sleep	sleep	false	2026-05-17 05:30	2026-05-17 07:30
sleep	sleep	false	2026-05-17 07:30	2026-05-17 09:00
sleep	sleep	false	2026-05-17 09:00	2026-05-17 10:30
frei turk brunch	noise	false	2026-05-17 10:30	2026-05-17 11:30
fm4sd - sfopfns	signal	false	2026-05-17 13:30	2026-05-17 14:30
fm4sd - sfopfns	signal	false	2026-05-17 17:00	2026-05-17 17:55
sonnenuntergang hike	noise	false	2026-05-17 19:00	2026-05-17 22:00
deutsch presantation	noise	false	2026-05-17 22:00	2026-05-17 23:00
icloud clean 	noise	false	2026-05-17 23:00	2026-05-18 00:00
sleep	sleep	false	2026-05-18 02:00	2026-05-18 05:00
sleep	sleep	false	2026-05-18 05:00	2026-05-18 08:00
sleep	sleep	false	2026-05-18 08:00	2026-05-18 09:30
sleep	sleep	false	2026-05-18 09:30	2026-05-18 11:00
fm4sd - sfopfns	signal	false	2026-05-18 16:30	2026-05-18 17:30
baf deutschkurs	signal	false	2026-05-18 17:30	2026-05-18 18:30
sleep	sleep	false	2026-05-19 02:00	2026-05-19 06:00
sleep	sleep	false	2026-05-19 06:00	2026-05-19 07:30
sleep	sleep	false	2026-05-19 07:30	2026-05-19 09:00
fm4sd - sfopfns	signal	false	2026-05-19 10:30	2026-05-19 11:30
fm4sd - sfopfns	signal	false	2026-05-19 15:00	2026-05-19 19:00
shuestander	noise	false	2026-05-19 22:00	2026-05-19 23:00
sleep	sleep	false	2026-05-20 01:30	2026-05-20 05:00
sleep	sleep	false	2026-05-20 05:00	2026-05-20 07:30
sleep	sleep	false	2026-05-20 07:30	2026-05-20 09:30
fm4sd - sfopfns	signal	false	2026-05-20 13:00	2026-05-20 14:00
fm4sd - sfopfns	signal	false	2026-05-20 14:30	2026-05-20 16:30
sc freiburg schal	noise	false	2026-05-20 16:30	2026-05-20 17:30
baf deutschkurs	signal	false	2026-05-20 17:30	2026-05-20 19:00
stusie werkstatt	noise	false	2026-05-20 19:00	2026-05-20 21:00
sc freiburg game	noise	false	2026-05-20 21:00	2026-05-20 23:00
project - swarm	signal	false	2026-05-20 23:00	2026-05-21 00:00
sleep	sleep	false	2026-05-21 01:00	2026-05-21 05:00
sleep	sleep	false	2026-05-21 05:00	2026-05-21 07:00
sleep	sleep	false	2026-05-21 07:00	2026-05-21 09:00
morgenkurs b1.1	signal	false	2026-05-21 09:00	2026-05-21 10:00
fm4sd - sfopfns	signal	false	2026-05-21 10:30	2026-05-21 11:30
meeting	hiwi	false	2026-05-21 13:00	2026-05-21 14:00
fm4sd - g4 meet	signal	false	2026-05-21 14:00	2026-05-21 15:00
axel meet	hiwi	false	2026-05-21 16:00	2026-05-21 17:00
baf deutschkurs	signal	false	2026-05-21 17:30	2026-05-21 19:00
shuestander	noise	false	2026-05-21 23:00	2026-05-22 00:00
sleep	sleep	false	2026-05-22 02:00	2026-05-22 06:30
tabpfn 3	signal	false	2026-05-22 09:00	2026-05-22 12:00
milchreis mit lotte	noise	false	2026-05-22 12:30	2026-05-22 13:30
vadim defense	signal	false	2026-05-22 15:00	2026-05-22 16:30
lucky bike	noise	false	2026-05-22 18:00	2026-05-22 19:00
shuestander	noise	false	2026-05-22 20:00	2026-05-22 21:00
sleep	sleep	false	2026-05-23 01:30	2026-05-23 07:00
sleep	sleep	false	2026-05-23 07:00	2026-05-23 09:00
sleep	sleep	false	2026-05-23 09:00	2026-05-23 11:00
laufen	noise	false	2026-05-23 16:30	2026-05-23 17:30
schwimmen	noise	false	2026-05-23 17:30	2026-05-23 18:30
hiwi - grading	hiwi	false	2026-05-23 22:00	2026-05-24 00:00
hiwi - grading	hiwi	false	2026-05-24 00:00	2026-05-24 01:00
sleep	sleep	false	2026-05-24 02:30	2026-05-24 07:30
sleep	sleep	false	2026-05-24 07:30	2026-05-24 09:30
hiwi - grading	hiwi	false	2026-05-24 12:30	2026-05-24 15:30
sonnituntiwandi turks	noise	false	2026-05-24 19:00	2026-05-24 23:00
sleep	sleep	false	2026-05-25 02:30	2026-05-25 09:30
project	signal	false	2026-05-25 14:30	2026-05-25 15:30
fm4sd - sfopfns	signal	false	2026-05-25 22:00	2026-05-26 00:00
sleep	sleep	false	2026-05-26 01:00	2026-05-26 06:30
sleep	sleep	false	2026-05-26 07:00	2026-05-26 09:00
project	signal	false	2026-05-26 15:00	2026-05-26 16:00
sonniuntiwandi emma	noise	false	2026-05-26 19:00	2026-05-26 22:00
sleep	sleep	false	2026-05-27 01:30	2026-05-27 07:00
sleep	sleep	false	2026-05-27 07:00	2026-05-27 09:30
fm4sd - g4 meet	signal	false	2026-05-27 14:00	2026-05-27 15:30
project	signal	false	2026-05-27 17:00	2026-05-27 20:00
sleep	sleep	false	2026-05-28 01:00	2026-05-28 07:00
sleep	sleep	false	2026-05-28 07:00	2026-05-28 10:00
meeting	hiwi	false	2026-05-28 13:00	2026-05-28 14:00
hiwi - axel amir meet	hiwi	false	2026-05-28 14:30	2026-05-28 15:30
hiwi - grading	hiwi	false	2026-05-28 15:30	2026-05-28 18:30
project	signal	false	2026-05-28 18:30	2026-05-28 19:30
facetime ayda	noise	false	2026-05-28 19:30	2026-05-28 20:30
hiwi - grading	hiwi	false	2026-05-28 20:30	2026-05-28 22:00
bananenbrot	noise	false	2026-05-29 00:00	2026-05-29 01:00
sleep	sleep	false	2026-05-29 02:00	2026-05-29 07:00
sleep	sleep	false	2026-05-29 07:00	2026-05-29 08:30
laufen	noise	false	2026-05-29 08:30	2026-05-29 09:30
hiwi - grading	hiwi	false	2026-05-29 11:30	2026-05-29 13:30
fm4sd - sfopfns	signal	false	2026-05-29 14:30	2026-05-29 17:30
project	signal	false	2026-05-29 18:30	2026-05-29 20:00
sonniuntilaufi	noise	false	2026-05-29 20:30	2026-05-29 21:30
project	signal	false	2026-05-30 00:30	2026-05-30 01:30
sleep	sleep	false	2026-05-30 02:00	2026-05-30 08:00
sleep	sleep	false	2026-05-30 08:00	2026-05-30 10:30
hiwi - grading	hiwi	false	2026-05-30 22:00	2026-05-30 23:00
bananenbrot	noise	false	2026-05-30 23:00	2026-05-31 00:00
project	signal	false	2026-05-31 00:00	2026-05-31 01:00
sleep	sleep	false	2026-05-31 02:00	2026-05-31 10:00
laufen	noise	false	2026-05-31 11:00	2026-05-31 12:00
single walk date	noise	false	2026-05-31 16:30	2026-05-31 18:00
hiwi - grading	hiwi	false	2026-05-31 20:30	2026-05-31 21:30
project	signal	false	2026-05-31 21:30	2026-05-31 22:30
project	signal	false	2026-06-01 00:00	2026-06-01 02:00
sleep	sleep	false	2026-06-01 03:00	2026-06-01 09:00
sleep	sleep	false	2026-06-01 09:00	2026-06-01 10:30
hiwi - grading	hiwi	false	2026-06-01 11:00	2026-06-01 14:30
hiwi - grading	hiwi	false	2026-06-01 16:00	2026-06-01 20:00
project	signal	false	2026-06-01 23:00	2026-06-02 00:00
sleep	sleep	false	2026-06-02 03:30	2026-06-02 07:00
sleep	sleep	false	2026-06-02 07:00	2026-06-02 08:00
morgenkurs b1.1	signal	false	2026-06-02 08:30	2026-06-02 10:00
barmer	noise	false	2026-06-02 10:00	2026-06-02 11:00
fm4sd - g4 meet	signal	false	2026-06-02 11:00	2026-06-02 12:30
project	signal	false	2026-06-02 13:00	2026-06-02 16:00
laufen	noise	false	2026-06-02 21:00	2026-06-02 22:00
sleep	sleep	false	2026-06-03 01:00	2026-06-03 08:00
sleep	sleep	false	2026-06-03 08:00	2026-06-03 10:00
hiwi - grading	hiwi	false	2026-06-03 11:00	2026-06-03 12:00
fm4sd - nanotabpfn	signal	false	2026-06-03 18:00	2026-06-03 20:00
laufen	noise	false	2026-06-03 21:00	2026-06-03 22:00
gym cleaning	noise	false	2026-06-03 22:00	2026-06-03 23:00
project	signal	false	2026-06-04 00:00	2026-06-04 02:00
sleep	sleep	false	2026-06-04 05:30	2026-06-04 10:30
sleep	sleep	false	2026-06-04 10:30	2026-06-04 11:30
fm4sd - nanotabpfn	signal	false	2026-06-04 12:30	2026-06-04 13:30
meet luisa	noise	false	2026-06-04 14:30	2026-06-04 16:00
project	signal	false	2026-06-04 19:30	2026-06-04 22:30
sleep	sleep	false	2026-06-05 01:30	2026-06-05 07:00
sleep	sleep	false	2026-06-05 07:00	2026-06-05 09:30
fm4sd - lecture	signal	false	2026-06-05 10:00	2026-06-05 12:00
luisa hike 	noise	false	2026-06-05 18:00	2026-06-05 23:00
sleep	sleep	false	2026-06-06 01:30	2026-06-06 07:00
sleep	sleep	false	2026-06-06 07:00	2026-06-06 11:00
project	signal	false	2026-06-06 15:00	2026-06-06 18:00
sleep	sleep	false	2026-06-07 01:30	2026-06-07 07:00
sleep	sleep	false	2026-06-07 07:00	2026-06-07 11:00
sleep	sleep	false	2026-06-08 01:30	2026-06-08 06:00
sleep	sleep	false	2026-06-08 06:00	2026-06-08 10:00
project	signal	false	2026-06-08 11:00	2026-06-08 12:00
project	signal	false	2026-06-08 16:00	2026-06-08 17:00
baf deutschkurs	signal	false	2026-06-08 17:30	2026-06-08 19:00
project	signal	false	2026-06-08 23:00	2026-06-09 00:00
project	signal	false	2026-06-09 00:00	2026-06-09 01:00
sleep	sleep	false	2026-06-09 01:30	2026-06-09 08:00
sleep	sleep	false	2026-06-09 08:00	2026-06-09 10:30
project - announcement	signal	false	2026-06-09 13:30	2026-06-09 14:30
project	signal	false	2026-06-10 00:30	2026-06-10 01:30
sleep	sleep	false	2026-06-10 04:00	2026-06-10 08:00
sleep	sleep	false	2026-06-10 08:00	2026-06-10 09:00
sleep	sleep	false	2026-06-10 09:00	2026-06-10 10:00
project - poster	signal	false	2026-06-10 11:00	2026-06-10 13:00
project	signal	false	2026-06-10 14:00	2026-06-10 18:00
project - axel final meet	signal	false	2026-06-10 18:00	2026-06-10 20:00
project	signal	false	2026-06-10 20:00	2026-06-10 22:00
project	signal	false	2026-06-11 00:00	2026-06-11 11:00
meeting	hiwi	false	2026-06-11 13:00	2026-06-11 14:00
project	signal	false	2026-06-11 14:00	2026-06-11 15:00
project - defense	signal	false	2026-06-11 15:00	2026-06-11 16:00
"[AutoML Seminar] Talk by David Holzmüller - ""TabICLv2: A better, faster, scalable, and open tabular foundation model"""	signal	false	2026-06-11 16:00	2026-06-11 17:00
lab poster	signal	false	2026-06-11 17:00	2026-06-11 19:00
sonniuntiwandi	noise	false	2026-06-11 19:30	2026-06-11 22:00
sleep	sleep	false	2026-06-12 01:00	2026-06-12 08:00
sleep	sleep	false	2026-06-12 08:00	2026-06-12 10:00
fm4sd - p1	signal	false	2026-06-12 10:00	2026-06-12 12:00
project - axel retro meet	signal	false	2026-06-12 13:30	2026-06-12 14:30
sleep	sleep	false	2026-06-13 03:00	2026-06-13 07:00
sleep	sleep	false	2026-06-13 07:00	2026-06-13 10:00
fm4sd - g4 meet	signal	false	2026-06-13 14:00	2026-06-13 16:00
baden mit luisa	noise	false	2026-06-13 21:00	2026-06-13 22:00
sleep	sleep	false	2026-06-14 02:00	2026-06-14 07:30
baden mit luisa	noise	false	2026-06-14 09:00	2026-06-14 10:00
sleep	sleep	false	2026-06-14 18:00	2026-06-14 21:30
calcal	signal	false	2026-06-14 23:00	2026-06-15 00:00
hiwi	hiwi	false	2026-06-15 00:00	2026-06-15 01:00
fm4sd - sfopfns	signal	false	2026-06-15 01:00	2026-06-15 02:00
sleep	sleep	false	2026-06-15 05:30	2026-06-15 09:30
fm4sd - g4 meet	signal	false	2026-06-15 10:00	2026-06-15 12:00
project - axel retro meet	signal	false	2026-06-15 13:00	2026-06-15 14:00
adl - c8 - ssl fm	signal	false	2026-06-15 14:00	2026-06-15 16:00
rl - c	signal	false	2026-06-15 16:00	2026-06-15 17:00
baf deutschkurs	signal	false	2026-06-15 17:30	2026-06-15 18:30
muller	noise	false	2026-06-15 19:00	2026-06-15 20:00
baden mit luisa	noise	false	2026-06-15 20:30	2026-06-15 21:30
hiwi	hiwi	false	2026-06-15 23:00	2026-06-16 00:00
sleep	sleep	false	2026-06-16 01:00	2026-06-16 04:00
sleep	sleep	false	2026-06-16 04:00	2026-06-16 07:00
sleep	sleep	false	2026-06-16 07:00	2026-06-16 08:00
sleep	sleep	false	2026-06-16 08:00	2026-06-16 10:00
papers	signal	false	2026-06-16 11:00	2026-06-16 12:00
fm4sd - sfopfns	signal	false	2026-06-16 12:00	2026-06-16 13:00
fm4sd - g4 meet	signal	false	2026-06-16 13:00	2026-06-16 14:00
fm4sd - luke erik meet	signal	false	2026-06-16 14:00	2026-06-16 15:00
fm4sd - g4 meet	signal	false	2026-06-16 15:30	2026-06-16 17:00
hiwi	hiwi	false	2026-06-16 22:00	2026-06-17 00:00
hiwi	hiwi	false	2026-06-17 00:30	2026-06-17 01:30
sleep	sleep	false	2026-06-17 02:30	2026-06-17 08:00
fm4sd - sfopfns	signal	false	2026-06-17 08:30	2026-06-17 12:00
fm4sd - g4 meet	signal	false	2026-06-17 12:00	2026-06-17 13:00
fm4sd - g12 meet	signal	false	2026-06-17 13:00	2026-06-17 14:00
hiwi - axel meet	hiwi	false	2026-06-17 16:30	2026-06-17 17:30
baf deutschkurs	signal	false	2026-06-17 17:30	2026-06-17 19:00
fm4sd - sfopfns	signal	false	2026-06-18 00:30	2026-06-18 01:30
sleep	sleep	false	2026-06-18 02:00	2026-06-18 09:00
peter pfaffelhuber	signal	false	2026-06-18 11:00	2026-06-18 12:00
meeting	hiwi	false	2026-06-18 13:00	2026-06-18 14:00
fm4sd - g4 meet	signal	false	2026-06-18 14:00	2026-06-18 17:00
fm4sd - send repo	signal	false	2026-06-18 19:00	2026-06-18 20:00
fm4sd - sfopfns	signal	false	2026-06-18 20:00	2026-06-18 23:30
sleep	sleep	false	2026-06-19 01:00	2026-06-19 03:00
sleep	sleep	false	2026-06-19 03:00	2026-06-19 04:00
fm4sd - sfopfns	signal	false	2026-06-19 04:30	2026-06-19 07:30
fm4sd - g4 meet	signal	false	2026-06-19 08:00	2026-06-19 10:00
fm4sd - p2	signal	false	2026-06-19 10:00	2026-06-19 12:00
hiwi - axel tfm	hiwi	false	2026-06-19 13:00	2026-06-19 14:00
project - poster	signal	false	2026-06-19 14:00	2026-06-19 15:00
hiwi	hiwi	false	2026-06-19 15:00	2026-06-19 16:00
hiwi - axel tfm	hiwi	false	2026-06-19 16:00	2026-06-19 18:00
hiwi	hiwi	false	2026-06-19 18:00	2026-06-19 20:00
schwimmen mit timon	noise	false	2026-06-19 20:00	2026-06-19 21:00
sonnenuntergang mit emma	noise	false	2026-06-19 21:00	2026-06-19 22:00
sleep	sleep	false	2026-06-20 01:30	2026-06-20 06:00
calcal	signal	false	2026-06-20 08:30	2026-06-20 09:30
Flight: VF 106 from BSL to SAW	noise	false	2026-06-20 11:45	2026-06-20 15:45
oma	noise	false	2026-06-20 17:00	2026-06-20 19:00
hiwi	hiwi	false	2026-06-20 22:00	2026-06-20 23:00
sleep	sleep	false	2026-06-21 00:00	2026-06-21 05:00
sleep	sleep	false	2026-06-21 05:00	2026-06-21 07:30
oma cowboy	noise	false	2026-06-21 08:30	2026-06-21 11:00
hiwi	hiwi	false	2026-06-21 23:00	2026-06-22 00:00
sleep	sleep	false	2026-06-22 01:00	2026-06-22 09:00
oner sebnem	noise	false	2026-06-22 11:00	2026-06-22 12:00
oner amazon	noise	false	2026-06-22 12:00	2026-06-22 15:00
cagin tugra	noise	false	2026-06-22 21:00	2026-06-22 23:00
sleep	sleep	false	2026-06-23 02:00	2026-06-23 06:00
sleep	sleep	false	2026-06-23 06:00	2026-06-23 07:30
zerben surf	noise	false	2026-06-23 08:00	2026-06-23 16:00
hustle house	noise	false	2026-06-23 18:30	2026-06-23 21:00
sleep	sleep	false	2026-06-24 00:00	2026-06-24 05:30
cemo lauf	noise	false	2026-06-24 06:00	2026-06-24 07:30
dayı dg	noise	false	2026-06-24 10:30	2026-06-24 18:30
fm4sd	signal	false	2026-06-24 22:00	2026-06-24 23:00
sleep	sleep	false	2026-06-25 00:00	2026-06-25 04:00
sleep	sleep	false	2026-06-25 04:00	2026-06-25 09:00
imdat	noise	false	2026-06-25 14:00	2026-06-25 17:00
has kadro	noise	false	2026-06-25 19:00	2026-06-25 23:00
sleep	sleep	false	2026-06-26 00:00	2026-06-26 03:00
sleep	sleep	false	2026-06-26 03:00	2026-06-26 08:00
fm4sd	signal	false	2026-06-26 09:00	2026-06-26 10:00
ilkay	noise	false	2026-06-26 14:00	2026-06-26 16:00
ilkay ceylin	noise	false	2026-06-26 16:00	2026-06-26 23:00
sleep	sleep	false	2026-06-27 01:30	2026-06-27 06:00
sleep	sleep	false	2026-06-27 06:00	2026-06-27 07:00
defne lauf	noise	false	2026-06-27 07:30	2026-06-27 10:30
emin düğün	noise	false	2026-06-27 18:00	2026-06-27 21:00
sleep	sleep	false	2026-06-28 00:00	2026-06-28 05:00
sleep	sleep	false	2026-06-28 05:00	2026-06-28 08:30
oma cowboy	noise	false	2026-06-28 09:00	2026-06-28 13:00
oma mantı	noise	false	2026-06-28 16:00	2026-06-28 18:00
tos 	noise	false	2026-06-28 18:00	2026-06-28 19:00
sleep	sleep	false	2026-06-29 02:30	2026-06-29 04:00
Flight: VF 105 from SAW to BSL	noise	false	2026-06-29 07:30	2026-06-29 10:45
pre icml poster 	signal	false	2026-06-29 15:30	2026-06-29 18:00
baf deutschkurs	signal	false	2026-06-29 18:00	2026-06-29 19:00
sleep	sleep	false	2026-06-30 00:00	2026-06-30 08:00
morgenkurs b1.1	signal	false	2026-06-30 08:30	2026-06-30 10:00
hiwi	hiwi	false	2026-06-30 15:00	2026-06-30 17:30
schwimmen mit jannis	sport	false	2026-06-30 18:30	2026-06-30 20:00
workout mit emma	sport	false	2026-06-30 20:00	2026-06-30 21:00
hiwi	hiwi	false	2026-06-30 23:00	2026-07-01 00:00
sleep	sleep	false	2026-07-01 00:00	2026-07-01 04:00
sleep	sleep	false	2026-07-01 04:00	2026-07-01 06:00
sleep	sleep	false	2026-07-01 06:00	2026-07-01 08:00
hiwi	hiwi	false	2026-07-01 10:30	2026-07-01 11:30
fm4sd	signal	false	2026-07-01 12:00	2026-07-01 16:00
birkenstock mit timon	noise	false	2026-07-01 16:00	2026-07-01 17:30
baf deutschkurs	signal	false	2026-07-01 17:30	2026-07-01 19:00
tempotraining	sport	false	2026-07-01 19:00	2026-07-01 20:30
sleep	sleep	false	2026-07-02 02:00	2026-07-02 06:00
sleep	sleep	false	2026-07-02 06:00	2026-07-02 08:00
sleep	sleep	false	2026-07-02 08:00	2026-07-02 09:30
lucky bike 	noise	false	2026-07-02 10:00	2026-07-02 11:00
fm4sd	signal	false	2026-07-02 12:00	2026-07-02 13:00
meeting	hiwi	false	2026-07-02 13:00	2026-07-02 14:00
bananenbrot	noise	false	2026-07-02 14:00	2026-07-02 15:00
fm4sd	signal	false	2026-07-02 15:00	2026-07-02 16:00
falki sommerfest	noise	false	2026-07-02 17:30	2026-07-02 23:00
sleep	sleep	false	2026-07-03 01:00	2026-07-03 05:00
sleep	sleep	false	2026-07-03 05:00	2026-07-03 08:30
fm4sd - p4	signal	false	2026-07-03 10:00	2026-07-03 12:00
hiwi - axel meet	hiwi	false	2026-07-03 13:00	2026-07-03 14:00
sleep	sleep	false	2026-07-03 16:30	2026-07-03 17:30
indie porn night	noise	false	2026-07-03 19:00	2026-07-03 22:00
sleep	sleep	false	2026-07-04 01:00	2026-07-04 06:00
sleep	sleep	false	2026-07-04 06:00	2026-07-04 10:00
groceries	noise	false	2026-07-04 11:00	2026-07-04 12:00
winefest	noise	false	2026-07-04 21:00	2026-07-05 00:00
sleep	sleep	false	2026-07-05 01:00	2026-07-05 06:00
sleep	sleep	false	2026-07-05 06:00	2026-07-05 09:00
lavender 5k	sport	false	2026-07-05 10:30	2026-07-05 12:00
fm4sd	signal	false	2026-07-05 19:00	2026-07-05 21:00
fm4sd	signal	false	2026-07-05 22:00	2026-07-06 00:00
sleep	sleep	false	2026-07-06 00:00	2026-07-06 06:00
sleep	sleep	false	2026-07-06 06:00	2026-07-06 08:00
hausarzt kene 1 	noise	false	2026-07-06 09:30	2026-07-06 10:30
hiwi	hiwi	false	2026-07-06 13:00	2026-07-06 15:00
hiwi - tfmp	hiwi	false	2026-07-06 15:00	2026-07-06 16:00
rl - c	signal	false	2026-07-06 16:00	2026-07-06 17:00
lucky bike	noise	false	2026-07-06 17:00	2026-07-06 18:00
baf deutschkurs	signal	false	2026-07-06 18:00	2026-07-06 19:00
sleep	sleep	false	2026-07-07 01:00	2026-07-07 06:00
sleep	sleep	false	2026-07-07 06:00	2026-07-07 08:00
sleep	sleep	false	2026-07-07 08:00	2026-07-07 09:00
lucky bike	noise	false	2026-07-07 10:00	2026-07-07 11:00
hiwi	hiwi	false	2026-07-07 11:00	2026-07-07 12:00
orthoteam	sport	false	2026-07-07 13:00	2026-07-07 14:00
samfit	sport	false	2026-07-07 14:00	2026-07-07 15:00
bachle mit mats	noise	false	2026-07-07 15:00	2026-07-07 16:00
pgm	signal	false	2026-07-07 16:00	2026-07-07 17:00
sleep	sleep	false	2026-07-08 01:00	2026-07-08 05:00
sleep	sleep	false	2026-07-08 05:00	2026-07-08 07:00
sleep	sleep	false	2026-07-08 07:00	2026-07-08 09:00
decathlon	noise	false	2026-07-08 11:00	2026-07-08 12:00
mount 7	noise	false	2026-07-08 16:00	2026-07-08 17:00
baf deutschkurs	signal	false	2026-07-08 17:30	2026-07-08 18:30
tempotraining	sport	false	2026-07-08 19:00	2026-07-08 20:30
fm4sd	signal	false	2026-07-08 22:00	2026-07-09 00:00
sleep	sleep	false	2026-07-09 01:00	2026-07-09 06:00
sleep	sleep	false	2026-07-09 06:00	2026-07-09 08:00
hausarzt kan 	noise	false	2026-07-09 08:30	2026-07-09 09:30
fm4sd	signal	false	2026-07-09 09:30	2026-07-09 12:00
meeting	hiwi	false	2026-07-09 13:00	2026-07-09 14:00
baf deutschkurs	signal	false	2026-07-09 17:30	2026-07-09 19:00
sleep	sleep	false	2026-07-10 01:00	2026-07-10 04:00
sleep	sleep	false	2026-07-10 04:00	2026-07-10 08:00
sleep	sleep	false	2026-07-10 08:00	2026-07-10 09:30
fm4sd - p5	signal	false	2026-07-10 10:00	2026-07-10 12:00
gym tutor mona meet	noise	false	2026-07-10 16:00	2026-07-10 17:00
tf faculty day	noise	false	2026-07-10 18:00	2026-07-10 23:00
sleep	sleep	false	2026-07-11 05:00	2026-07-11 07:00
sleep	sleep	false	2026-07-11 07:00	2026-07-11 10:00
sleep	sleep	false	2026-07-11 16:00	2026-07-11 18:00
vaubanfest	noise	false	2026-07-11 20:00	2026-07-11 23:00
sleep	sleep	false	2026-07-12 02:00	2026-07-12 06:00
sleep	sleep	false	2026-07-12 06:00	2026-07-12 10:00
ajet bilet	noise	false	2026-07-12 23:00	2026-07-13 00:00
sleep	sleep	false	2026-07-13 02:00	2026-07-13 06:00
sleep	sleep	false	2026-07-13 06:00	2026-07-13 08:30
hausarzt kan 	noise	false	2026-07-13 09:00	2026-07-13 10:00
mri	sport	false	2026-07-13 10:30	2026-07-13 11:30
hiwi	hiwi	false	2026-07-13 12:00	2026-07-13 16:00
rl - c	signal	false	2026-07-13 16:00	2026-07-13 18:00
hiwi	hiwi	false	2026-07-13 23:00	2026-07-14 00:00
sleep	sleep	false	2026-07-14 02:00	2026-07-14 06:00
sleep	sleep	false	2026-07-14 06:00	2026-07-14 10:00
orthoteam	sport	false	2026-07-14 12:00	2026-07-14 13:00
samfit	sport	false	2026-07-14 13:00	2026-07-14 14:00
hiwi - tfm meet	hiwi	false	2026-07-14 15:00	2026-07-14 16:00
pgm	signal	false	2026-07-14 16:00	2026-07-14 18:00
wm semifinal	noise	false	2026-07-14 21:00	2026-07-14 23:00
sleep	sleep	false	2026-07-15 01:00	2026-07-15 06:00
sleep	sleep	false	2026-07-15 06:00	2026-07-15 07:00
baden mit luisa	noise	false	2026-07-15 07:30	2026-07-15 08:30
gym	sport	false	2026-07-15 08:30	2026-07-15 09:30
arzt	noise	false	2026-07-15 10:30	2026-07-15 11:30
hiwi - joachim meet	hiwi	false	2026-07-15 14:30	2026-07-15 15:30
baf deutschkurs	signal	false	2026-07-15 17:30	2026-07-15 18:30
wm semifinal	noise	false	2026-07-15 21:00	2026-07-15 23:00
sleep	sleep	false	2026-07-16 01:00	2026-07-16 04:00
sleep	sleep	false	2026-07-16 04:00	2026-07-16 07:00
sleep	sleep	false	2026-07-16 07:00	2026-07-16 08:30
fm4sd	signal	false	2026-07-16 09:30	2026-07-16 12:30
meeting	hiwi	false	2026-07-16 13:00	2026-07-16 14:00
fm4sd	signal	false	2026-07-16 14:00	2026-07-16 15:00
automl seminar	signal	false	2026-07-16 15:00	2026-07-16 16:00
fm4sd	signal	false	2026-07-16 16:00	2026-07-16 17:00
konzert hoppe	noise	false	2026-07-16 17:00	2026-07-16 18:00
tabletennis mit franz	sport	false	2026-07-16 18:00	2026-07-16 19:00
issue update	hiwi	false	2026-07-16 19:30	2026-07-16 20:30
relbench	signal	false	2026-07-16 21:00	2026-07-16 22:30
sleep	sleep	false	2026-07-17 02:30	2026-07-17 07:00
sleep	sleep	false	2026-07-17 07:00	2026-07-17 08:30
sleep	sleep	false	2026-07-17 08:30	2026-07-17 09:30
fm4sd - p6	signal	false	2026-07-17 10:00	2026-07-17 12:00
fm4sd	signal	false	2026-07-17 13:00	2026-07-17 14:00
issue update	hiwi	false	2026-07-17 14:00	2026-07-17 16:00
laufen mit pranav	sport	false	2026-07-17 17:30	2026-07-17 18:30
relbench	signal	false	2026-07-17 19:30	2026-07-17 21:45
sleep	sleep	false	2026-07-18 02:30	2026-07-18 07:30
sleep	sleep	false	2026-07-18 07:30	2026-07-18 10:30
gym	sport	false	2026-07-18 13:00	2026-07-18 14:00
groceries	noise	false	2026-07-18 17:00	2026-07-18 18:00
scooter	sport	false	2026-07-19 01:00	2026-07-19 02:00
sleep	sleep	false	2026-07-19 02:00	2026-07-19 07:00
sleep	sleep	false	2026-07-19 07:00	2026-07-19 10:00
tabletennis	sport	false	2026-07-19 15:00	2026-07-19 16:00
volleyball	sport	false	2026-07-19 16:00	2026-07-19 17:00
pizza	noise	false	2026-07-19 17:00	2026-07-19 18:00
ronja abschiedsfeier	noise	false	2026-07-19 18:00	2026-07-19 20:00
football	sport	false	2026-07-19 20:00	2026-07-19 21:00
wm final	noise	false	2026-07-19 21:00	2026-07-20 00:00
sleep	sleep	false	2026-07-20 01:00	2026-07-20 05:00
sleep	sleep	false	2026-07-20 05:00	2026-07-20 07:00
sleep	sleep	false	2026-07-20 07:00	2026-07-20 08:30
hiwi	hiwi	false	2026-07-20 11:30	2026-07-20 13:00
kutay mensa	noise	false	2026-07-20 13:00	2026-07-20 14:00
hiwi	hiwi	false	2026-07-20 14:30	2026-07-20 16:00
rl - c	signal	false	2026-07-20 16:00	2026-07-20 17:30
sleep	sleep	false	2026-07-20 19:00	2026-07-20 20:00
rdbbench	signal	false	2026-07-20 23:00	2026-07-21 00:00
sleep	sleep	false	2026-07-21 01:30	2026-07-21 06:00
sleep	sleep	false	2026-07-21 06:00	2026-07-21 07:30
orthoteam	sport	false	2026-07-21 08:30	2026-07-21 09:30
samfit	sport	false	2026-07-21 12:15	2026-07-21 13:15
hiwi	hiwi	false	2026-07-21 14:00	2026-07-21 16:00
rdbbench	signal	false	2026-07-21 16:30	2026-07-21 17:30
groove gardeners 	noise	false	2026-07-21 18:30	2026-07-21 20:30
sleep	sleep	false	2026-07-22 01:00	2026-07-22 05:00
sleep	sleep	false	2026-07-22 05:00	2026-07-22 07:00
sleep	sleep	false	2026-07-22 07:00	2026-07-22 08:30
sleep	sleep	false	2026-07-22 09:00	2026-07-22 10:00
hiwi	hiwi	false	2026-07-22 14:30	2026-07-22 17:00
baf deutschkurs	signal	false	2026-07-22 17:30	2026-07-22 19:00
süße kühe	noise	false	2026-07-22 19:30	2026-07-22 23:30
sleep	sleep	false	2026-07-23 01:30	2026-07-23 07:00
sleep	sleep	false	2026-07-23 07:00	2026-07-23 09:30
hiwi	hiwi	false	2026-07-23 12:00	2026-07-23 13:00
meeting	hiwi	false	2026-07-23 13:00	2026-07-23 14:00
baf deutschkurs	signal	false	2026-07-23 17:30	2026-07-23 19:00
pha + core mit timon	sport	false	2026-07-23 20:00	2026-07-23 21:00
sleep	sleep	false	2026-07-24 03:00	2026-07-24 07:00
sleep	sleep	false	2026-07-24 07:00	2026-07-24 08:30
sleep	sleep	false	2026-07-24 08:30	2026-07-24 10:30
hiwi	hiwi	false	2026-07-24 13:00	2026-07-24 14:00
hiwi	hiwi	false	2026-07-24 16:30	2026-07-24 20:00
pirates of flückiger see	noise	false	2026-07-24 20:00	2026-07-24 23:00
sleep	sleep	false	2026-07-25 01:30	2026-07-25 07:00
sleep	sleep	false	2026-07-25 07:00	2026-07-25 08:00
pha + core	sport	false	2026-07-25 08:30	2026-07-25 09:30
hiwi	hiwi	false	2026-07-25 17:00	2026-07-25 19:00
seepark fest mit maja	noise	false	2026-07-25 21:00	2026-07-26 00:00
sleep	sleep	false	2026-07-26 02:00	2026-07-26 07:00
sleep	sleep	false	2026-07-26 07:00	2026-07-26 09:00
pha	sport	false	2026-07-26 10:30	2026-07-26 11:30
laufen 3k	sport	false	2026-07-26 11:30	2026-07-26 12:30
anouk plant	noise	false	2026-07-26 18:00	2026-07-26 19:00
basket mit jungs	sport	false	2026-07-26 19:00	2026-07-26 20:00
sleep	sleep	false	2026-07-27 04:00	2026-07-27 08:00
sleep	sleep	false	2026-07-27 08:00	2026-07-27 11:00
käffchen mit mats	noise	false	2026-07-27 16:00	2026-07-27 17:00
baf deutschkurs	signal	false	2026-07-27 17:30	2026-07-27 19:00
facetime kuzen	noise	false	2026-07-27 19:30	2026-07-27 20:30
booking	noise	false	2026-07-27 20:30	2026-07-27 21:30
sleep	sleep	false	2026-07-28 02:00	2026-07-28 07:00
sleep	sleep	false	2026-07-28 07:00	2026-07-28 10:00
orthoteam	sport	false	2026-07-28 11:45	2026-07-28 13:00
groceries	noise	false	2026-07-28 16:00	2026-07-28 17:00
abendessen	noise	false	2026-07-28 17:00	2026-07-28 19:00
sleep	sleep	false	2026-07-29 05:00	2026-07-29 07:00
sleep	sleep	false	2026-07-29 07:00	2026-07-29 10:00
pha	sport	false	2026-07-29 10:30	2026-07-29 11:30
samfit	sport	false	2026-07-29 12:30	2026-07-29 13:30
gym cleaning	noise	false	2026-07-29 19:30	2026-07-29 21:30
sleep	sleep	false	2026-07-30 01:00	2026-07-30 07:00
sleep	sleep	false	2026-07-30 07:00	2026-07-30 10:00
meeting	hiwi	false	2026-07-30 13:00	2026-07-30 14:00
pha + core mit süße kühe	sport	false	2026-07-30 19:30	2026-07-30 20:30
sleep	sleep	false	2026-07-31 02:30	2026-07-31 06:30
sleep	sleep	false	2026-07-31 06:30	2026-07-31 10:30
pha 	sport	false	2026-07-31 10:30	2026-07-31 11:30
laufen	sport	false	2026-07-31 11:30	2026-07-31 12:30
water anouk	noise	false	2026-07-31 14:30	2026-07-31 15:30
himbeereis	noise	false	2026-07-31 15:30	2026-07-31 16:30
malin	noise	false	2026-07-31 16:30	2026-07-31 17:30
volleyball mit maja	sport	false	2026-07-31 17:30	2026-07-31 18:30
flammkuchen mit timon	noise	false	2026-07-31 18:30	2026-07-31 19:30
freiburg - berlin	noise	false	2026-07-31 20:00	2026-08-01 00:00
freiburg - berlin	noise	false	2026-08-01 00:00	2026-08-01 07:00
sleep	sleep	false	2026-08-01 08:00	2026-08-01 11:00
dance - sisyphos	sport	false	2026-08-01 17:00	2026-08-02 00:00
sleep	sleep	false	2026-08-02 02:30	2026-08-02 08:30
laufen	sport	false	2026-08-02 09:00	2026-08-02 10:00
bike cafe mit ronja	noise	false	2026-08-02 12:00	2026-08-02 13:00
sant buena mit jungs	noise	false	2026-08-02 14:00	2026-08-02 15:00
pizza mit tugce	noise	false	2026-08-02 16:00	2026-08-02 19:00
dance - sisyphos	sport	false	2026-08-02 20:30	2026-08-02 23:30
berlin - freiburg	noise	false	2026-08-03 04:30	2026-08-03 11:00
sleep	sleep	false	2026-08-03 12:00	2026-08-03 16:00
baden mit menschen	noise	false	2026-08-03 17:00	2026-08-03 18:00
wandern mit menschen	sport	false	2026-08-03 19:00	2026-08-03 20:00
sleep	sleep	false	2026-08-04 00:00	2026-08-04 01:00
sleep	sleep	false	2026-08-04 01:00	2026-08-04 02:00
sleep	sleep	false	2026-08-04 02:00	2026-08-04 04:00
wandern mit menschen	sport	false	2026-08-04 04:30	2026-08-04 05:30
wandern mit menschen	sport	false	2026-08-04 07:00	2026-08-04 08:00
dis randevu	noise	false	2026-08-04 16:00	2026-08-04 17:00
pha + core	sport	false	2026-08-04 17:00	2026-08-04 18:30
sleep	sleep	false	2026-08-05 01:00	2026-08-05 07:00
sleep	sleep	false	2026-08-05 07:00	2026-08-05 08:00
samfit	sport	false	2026-08-05 10:15	2026-08-05 11:15
hiwi	hiwi	false	2026-08-05 13:30	2026-08-05 15:30
pha	sport	false	2026-08-05 16:30	2026-08-05 17:30
sleep	sleep	false	2026-08-06 00:00	2026-08-06 05:00
sleep	sleep	false	2026-08-06 05:00	2026-08-06 08:00
sleep	sleep	false	2026-08-06 08:00	2026-08-06 10:00
meeting	hiwi	false	2026-08-06 13:00	2026-08-06 14:00
daniel defence	signal	false	2026-08-06 15:00	2026-08-06 16:00
barbershop	noise	false	2026-08-06 17:00	2026-08-06 18:00
obi mit vemeyi	noise	false	2026-08-06 18:00	2026-08-06 19:00
mcdonalds mit vemeyi	noise	false	2026-08-06 19:00	2026-08-06 20:00
pha + core mit charlie	sport	false	2026-08-06 20:00	2026-08-06 21:00
baden mit charlie emma +3	noise	false	2026-08-06 21:00	2026-08-06 22:00
mac reset	signal	false	2026-08-07 00:00	2026-08-07 02:00
sleep	sleep	false	2026-08-07 02:00	2026-08-07 07:00
sleep	sleep	false	2026-08-07 07:00	2026-08-07 08:00
samfit	sport	false	2026-08-07 10:30	2026-08-07 11:30
mac reset	signal	false	2026-08-07 13:00	2026-08-07 15:00
tfmp	hiwi	false	2026-08-07 15:00	2026-08-07 17:00
water anouk	noise	false	2026-08-07 17:00	2026-08-07 18:00
gym cleaning	noise	false	2026-08-07 18:00	2026-08-07 19:00
marta edda boxes	noise	false	2026-08-07 19:00	2026-08-07 20:00
bananenbrot	noise	false	2026-08-07 22:00	2026-08-07 23:00
pizza dough	noise	false	2026-08-07 23:00	2026-08-08 00:00
sleep	sleep	false	2026-08-08 01:00	2026-08-08 06:00
sleep	sleep	false	2026-08-08 06:00	2026-08-08 07:30
sleep	sleep	false	2026-08-08 08:30	2026-08-08 10:00
mac reset	signal	false	2026-08-08 19:30	2026-08-08 21:00
bananenbrot	noise	false	2026-08-08 22:00	2026-08-08 23:00
pizza dough	noise	false	2026-08-08 23:00	2026-08-09 00:00
sleep	sleep	false	2026-08-09 02:00	2026-08-09 07:00
sleep	sleep	false	2026-08-09 07:00	2026-08-09 10:00
pha	sport	false	2026-08-09 10:00	2026-08-09 11:00
pizza mit luisa	noise	false	2026-08-09 19:00	2026-08-09 21:00
baden mit luisa	noise	false	2026-08-09 21:00	2026-08-09 22:00
sleep	sleep	false	2026-08-10 02:00	2026-08-10 07:00
sleep	sleep	false	2026-08-10 07:00	2026-08-10 09:00
zahnarzt	noise	false	2026-08-10 10:30	2026-08-10 12:00
hiwi	hiwi	false	2026-08-10 14:30	2026-08-10 15:30
physio webpage	noise	false	2026-08-10 15:30	2026-08-10 16:30
pha + workout mit emma	sport	false	2026-08-10 19:30	2026-08-10 21:00
seepark mit fabian marta	noise	false	2026-08-10 21:00	2026-08-10 22:00
sleep	sleep	false	2026-08-11 00:30	2026-08-11 08:30
physio webpage	noise	false	2026-08-11 12:00	2026-08-11 13:00
hiwi	hiwi	false	2026-08-11 13:00	2026-08-11 15:30
hiwi	hiwi	false	2026-08-11 21:30	2026-08-11 22:30
sleep	sleep	false	2026-08-12 02:00	2026-08-12 07:00
sleep	sleep	false	2026-08-12 07:00	2026-08-12 08:30
sleep	sleep	false	2026-08-12 08:30	2026-08-12 09:30
sleep	sleep	false	2026-08-12 09:30	2026-08-12 10:30
dllab poster day	signal	false	2026-08-12 11:30	2026-08-12 12:30
samfit	sport	false	2026-08-12 13:00	2026-08-12 14:00
hiwi	hiwi	false	2026-08-12 15:00	2026-08-12 17:00
bbq	noise	false	2026-08-12 17:00	2026-08-12 22:00
pizza dough	noise	false	2026-08-13 00:00	2026-08-13 01:00
sleep	sleep	false	2026-08-13 01:00	2026-08-13 07:00
sleep	sleep	false	2026-08-13 07:00	2026-08-13 09:00
hiwi	hiwi	false	2026-08-13 11:30	2026-08-13 12:30
meeting	hiwi	false	2026-08-13 13:00	2026-08-13 14:00
hiwi	hiwi	false	2026-08-13 15:30	2026-08-13 16:30
hiwi	hiwi	false	2026-08-13 17:30	2026-08-13 18:30
water timon	noise	false	2026-08-13 19:00	2026-08-13 20:00
laufen mit fabian vince	sport	false	2026-08-13 20:00	2026-08-13 21:00
sleep	sleep	false	2026-08-14 03:30	2026-08-14 07:00
sleep	sleep	false	2026-08-14 07:00	2026-08-14 10:30
water anouk	noise	false	2026-08-14 10:30	2026-08-14 11:30
hiwi	hiwi	false	2026-08-14 12:00	2026-08-14 13:00
tfmp	hiwi	false	2026-08-14 15:00	2026-08-14 16:00
groceries	noise	false	2026-08-14 18:00	2026-08-14 19:00
pizza mit lindita	noise	false	2026-08-14 19:00	2026-08-14 23:00
sleep	sleep	false	2026-08-15 01:30	2026-08-15 04:30
sleep	sleep	false	2026-08-15 04:30	2026-08-15 06:30
sleep	sleep	false	2026-08-15 06:30	2026-08-15 08:00
sleep	sleep	false	2026-08-15 08:00	2026-08-15 09:30
sleep	sleep	false	2026-08-15 17:00	2026-08-15 18:00
pha + core mit fabian	sport	false	2026-08-15 18:00	2026-08-15 19:00
baden mit fabian	noise	false	2026-08-15 19:00	2026-08-15 20:00
water anouk	noise	false	2026-08-15 22:00	2026-08-15 23:00
sleep	sleep	false	2026-08-16 01:30	2026-08-16 02:30
sleep	sleep	false	2026-08-16 02:30	2026-08-16 05:00
sleep	sleep	false	2026-08-16 05:00	2026-08-16 07:30
laufen	sport	false	2026-08-16 08:00	2026-08-16 09:00
majors minors check	signal	false	2026-08-16 13:00	2026-08-16 14:00
hiwi	hiwi	false	2026-08-16 15:00	2026-08-16 17:00
sleep	sleep	false	2026-08-17 01:00	2026-08-17 04:00
sleep	sleep	false	2026-08-17 04:00	2026-08-17 07:00
sleep	sleep	false	2026-08-17 08:30	2026-08-17 10:30
hiwi	hiwi	false	2026-08-17 11:00	2026-08-17 12:00
hiwi	hiwi	false	2026-08-17 13:00	2026-08-17 18:00
hiwi	hiwi	false	2026-08-17 19:00	2026-08-18 00:00
hiwi	hiwi	false	2026-08-18 00:00	2026-08-18 01:00
sleep	sleep	false	2026-08-18 01:00	2026-08-18 03:00
sleep	sleep	false	2026-08-18 03:00	2026-08-18 05:30
sleep	sleep	false	2026-08-18 05:30	2026-08-18 07:00
hiwi	hiwi	false	2026-08-18 08:00	2026-08-18 11:00
hiwi	hiwi	false	2026-08-18 12:00	2026-08-18 16:30
Get The Most Out of TabPFN-3	signal	false	2026-08-18 18:00	2026-08-18 19:00
hiwi	hiwi	false	2026-08-18 20:00	2026-08-18 21:00
sleep	sleep	false	2026-08-19 01:00	2026-08-19 05:00
sleep	sleep	false	2026-08-19 05:00	2026-08-19 07:00
sleep	sleep	false	2026-08-19 07:00	2026-08-19 08:00
samfit	sport	false	2026-08-19 08:30	2026-08-19 09:30
hiwi	hiwi	false	2026-08-19 14:00	2026-08-19 15:30
sleep	sleep	false	2026-08-19 18:00	2026-08-19 20:00
sleep	sleep	false	2026-08-20 01:30	2026-08-20 07:00
sleep	sleep	false	2026-08-20 07:00	2026-08-20 08:30
hiwi	hiwi	false	2026-08-20 09:30	2026-08-20 10:30
hiwi	hiwi	false	2026-08-20 11:00	2026-08-20 13:00
meeting	hiwi	false	2026-08-20 13:00	2026-08-20 14:00
unicard	noise	false	2026-08-20 14:00	2026-08-20 15:00
lebensmittel - lidl	noise	false	2026-08-20 15:00	2026-08-20 16:00
sleep	sleep	false	2026-08-20 17:00	2026-08-20 18:00
hiwi	hiwi	false	2026-08-20 20:30	2026-08-20 22:30
modded pr	signal	false	2026-08-21 01:00	2026-08-21 02:00
sleep	sleep	false	2026-08-21 02:00	2026-08-21 07:00
sleep	sleep	false	2026-08-21 07:00	2026-08-21 08:00
sleep	sleep	false	2026-08-21 08:00	2026-08-21 09:30
water anouk	noise	false	2026-08-21 09:30	2026-08-21 10:30
sumo mit ronja	noise	false	2026-08-21 11:30	2026-08-21 13:00
sumo	noise	false	2026-08-21 13:00	2026-08-21 14:30
tfmp	hiwi	false	2026-08-21 15:00	2026-08-21 16:00
hiwi	hiwi	false	2026-08-21 16:00	2026-08-21 18:00
hiwi	hiwi	false	2026-08-21 19:00	2026-08-21 21:00
sleep	sleep	false	2026-08-22 00:00	2026-08-22 06:00
sleep	sleep	false	2026-08-22 06:00	2026-08-22 07:00
sleep	sleep	false	2026-08-22 07:00	2026-08-22 08:00
sleep	sleep	false	2026-08-22 08:00	2026-08-22 09:00
sleep	sleep	false	2026-08-22 09:00	2026-08-22 10:00
hiwi	hiwi	false	2026-08-22 12:00	2026-08-22 16:00
decathlon	noise	false	2026-08-22 16:00	2026-08-22 17:00
hiwi	hiwi	false	2026-08-22 17:00	2026-08-22 20:30
hiwi	hiwi	false	2026-08-22 22:30	2026-08-23 00:00
sleep	sleep	false	2026-08-23 00:30	2026-08-23 06:00
sleep	sleep	false	2026-08-23 06:00	2026-08-23 07:00
sleep	sleep	false	2026-08-23 07:00	2026-08-23 09:00
bike mit timon sonja	sport	false	2026-08-23 09:00	2026-08-23 10:30
lorenz triathlon	noise	false	2026-08-23 10:30	2026-08-23 14:30
bike mit timon sonja	sport	false	2026-08-23 14:30	2026-08-23 16:00
hiwi	hiwi	false	2026-08-23 17:00	2026-08-23 18:00
hiwi	hiwi	false	2026-08-23 19:00	2026-08-24 00:00
sleep	sleep	false	2026-08-24 01:00	2026-08-24 04:00
sleep	sleep	false	2026-08-24 04:00	2026-08-24 07:00
sleep	sleep	false	2026-08-24 07:00	2026-08-24 08:00
samfit	sport	false	2026-08-24 08:30	2026-08-24 09:30
hiwi	hiwi	false	2026-08-24 10:30	2026-08-24 13:30
hiwi	hiwi	false	2026-08-24 17:00	2026-08-24 19:30
hiwi	hiwi	false	2026-08-24 20:00	2026-08-24 23:30
hiwi	hiwi	false	2026-08-25 00:00	2026-08-25 01:30
sleep	sleep	false	2026-08-25 02:00	2026-08-25 05:00
sleep	sleep	false	2026-08-25 05:00	2026-08-25 07:00
sleep	sleep	false	2026-08-25 07:00	2026-08-25 08:00
sleep	sleep	false	2026-08-25 08:00	2026-08-25 09:30
mensa mit sommerzeugs	noise	false	2026-08-25 12:00	2026-08-25 13:00
hiwi	hiwi	false	2026-08-25 13:00	2026-08-25 15:30
modded pr	signal	false	2026-08-25 18:30	2026-08-25 19:30
hiwi	hiwi	false	2026-08-25 20:30	2026-08-25 21:30
sleep	sleep	false	2026-08-26 00:30	2026-08-26 03:30
sleep	sleep	false	2026-08-26 03:30	2026-08-26 06:00
sleep	sleep	false	2026-08-26 06:00	2026-08-26 08:00
sleep	sleep	false	2026-08-26 08:00	2026-08-26 09:00
hiwi	hiwi	false	2026-08-26 09:30	2026-08-26 15:30
hiwi	hiwi	false	2026-08-26 17:30	2026-08-26 20:00
hiwi	hiwi	false	2026-08-26 20:30	2026-08-27 00:00
hiwi	hiwi	false	2026-08-27 00:00	2026-08-27 02:30
sleep	sleep	false	2026-08-27 03:30	2026-08-27 05:00
sleep	sleep	false	2026-08-27 05:00	2026-08-27 07:00
sleep	sleep	false	2026-08-27 07:00	2026-08-27 08:30
hausarzt kene 2	noise	false	2026-08-27 08:30	2026-08-27 09:30
hiwi	hiwi	false	2026-08-27 09:30	2026-08-27 13:00
meeting	hiwi	false	2026-08-27 13:00	2026-08-27 14:00
hiwi	hiwi	false	2026-08-27 14:30	2026-08-27 15:30
hiwi	hiwi	false	2026-08-27 16:00	2026-08-27 21:00
hiwi	hiwi	false	2026-08-27 22:00	2026-08-28 00:00
hiwi	hiwi	false	2026-08-28 00:30	2026-08-28 02:00
sleep	sleep	false	2026-08-28 02:00	2026-08-28 05:30
sleep	sleep	false	2026-08-28 05:30	2026-08-28 08:00
hiwi	hiwi	false	2026-08-28 08:00	2026-08-28 09:00
hiwi	hiwi	false	2026-08-28 10:00	2026-08-28 15:00
tfmp	hiwi	false	2026-08-28 15:00	2026-08-28 16:30
hiwi	hiwi	false	2026-08-28 16:30	2026-08-28 17:30
hiwi	hiwi	false	2026-08-28 18:00	2026-08-28 20:00
hiwi	hiwi	false	2026-08-28 21:30	2026-08-28 22:30
sleep	sleep	false	2026-08-29 01:00	2026-08-29 05:00
sleep	sleep	false	2026-08-29 05:00	2026-08-29 07:00
sleep	sleep	false	2026-08-29 07:00	2026-08-29 09:30
water anouk	noise	false	2026-08-29 09:30	2026-08-29 10:30
hiwi	hiwi	false	2026-08-29 11:30	2026-08-29 14:00
hiwi	hiwi	false	2026-08-29 15:00	2026-08-29 17:00
hiwi	hiwi	false	2026-08-29 17:30	2026-08-29 18:30
hiwi	hiwi	false	2026-08-30 00:00	2026-08-30 02:30
sleep	sleep	false	2026-08-30 02:30	2026-08-30 07:00
sleep	sleep	false	2026-08-30 07:00	2026-08-30 09:30
sleep	sleep	false	2026-08-30 09:30	2026-08-30 10:30
hiwi	hiwi	false	2026-08-30 10:30	2026-08-30 12:30
hiwi	hiwi	false	2026-08-30 13:00	2026-08-30 14:30
hiwi	hiwi	false	2026-08-30 15:00	2026-08-30 18:00
hiwi	hiwi	false	2026-08-30 18:30	2026-08-30 19:30
blaubrücke	noise	false	2026-08-30 19:30	2026-08-30 20:30
hiwi	hiwi	false	2026-08-30 20:30	2026-08-30 21:30
hiwi	hiwi	false	2026-08-30 22:00	2026-08-31 00:00
hiwi	hiwi	false	2026-08-31 00:00	2026-08-31 01:30
sleep	sleep	false	2026-08-31 02:00	2026-08-31 04:00
sleep	sleep	false	2026-08-31 04:00	2026-08-31 07:00
samfit	sport	false	2026-08-31 08:30	2026-08-31 09:30
hiwi	hiwi	false	2026-08-31 10:30	2026-08-31 15:00
sleep	sleep	false	2026-09-01 02:00	2026-09-01 05:00
sleep	sleep	false	2026-09-01 05:00	2026-09-01 07:00
sleep	sleep	false	2026-09-01 07:00	2026-09-01 08:30
hiwi	hiwi	false	2026-09-01 09:00	2026-09-01 10:30
hiwi	hiwi	false	2026-09-01 12:30	2026-09-01 13:30
rl	signal	false	2026-09-01 15:00	2026-09-01 16:00
rl 1	signal	false	2026-09-01 16:30	2026-09-01 20:00
rl 2	signal	false	2026-09-01 21:00	2026-09-01 22:30
hiwi	hiwi	false	2026-09-01 22:30	2026-09-01 23:30
hiwi	hiwi	false	2026-09-02 00:00	2026-09-02 01:00
sleep	sleep	false	2026-09-02 01:30	2026-09-02 04:30
sleep	sleep	false	2026-09-02 04:30	2026-09-02 07:00
rl 2	signal	false	2026-09-02 08:00	2026-09-02 13:00
rl 3	signal	false	2026-09-02 14:00	2026-09-02 16:00
sleep	sleep	false	2026-09-03 01:00	2026-09-03 04:00
sleep	sleep	false	2026-09-03 04:00	2026-09-03 07:00
sleep	sleep	false	2026-09-03 07:00	2026-09-03 08:00
sleep	sleep	false	2026-09-03 08:00	2026-09-03 09:00
rl 3	signal	false	2026-09-03 14:00	2026-09-03 16:00
sleep	sleep	false	2026-09-04 01:00	2026-09-04 04:00
sleep	sleep	false	2026-09-04 04:00	2026-09-04 07:00
sleep	sleep	false	2026-09-04 07:00	2026-09-04 08:00
sleep	sleep	false	2026-09-04 08:00	2026-09-04 09:00
rl 4	signal	false	2026-09-04 13:00	2026-09-04 15:00
tfmp	hiwi	false	2026-09-04 15:00	2026-09-04 16:00
groceries	noise	false	2026-09-04 16:00	2026-09-04 17:00
sleep	sleep	false	2026-09-05 02:30	2026-09-05 05:00
sleep	sleep	false	2026-09-05 05:00	2026-09-05 07:00
sleep	sleep	false	2026-09-05 07:00	2026-09-05 09:30
water anouk	noise	false	2026-09-05 12:00	2026-09-05 13:00
sleep	sleep	false	2026-09-06 02:30	2026-09-06 05:00
sleep	sleep	false	2026-09-06 05:00	2026-09-06 07:00
sleep	sleep	false	2026-09-06 07:00	2026-09-06 08:30
sleep	sleep	false	2026-09-06 08:30	2026-09-06 10:00
rl 4	signal	false	2026-09-06 13:30	2026-09-06 14:30
rl 5	signal	false	2026-09-06 14:30	2026-09-06 15:30
rl 6	signal	false	2026-09-06 15:30	2026-09-06 16:30
rl 7	signal	false	2026-09-06 16:30	2026-09-06 17:30
rl 8	signal	false	2026-09-06 17:30	2026-09-06 18:30
rl 9	signal	false	2026-09-06 18:30	2026-09-06 19:30
rl 10	signal	false	2026-09-06 19:30	2026-09-06 20:30
rl 11	signal	false	2026-09-06 20:30	2026-09-06 21:30
rl 12	signal	false	2026-09-06 21:30	2026-09-06 22:30
rl 13	signal	false	2026-09-06 23:00	2026-09-07 00:00
rl notes	signal	false	2026-09-07 00:00	2026-09-07 01:00
sleep	sleep	false	2026-09-07 01:00	2026-09-07 05:00
sleep	sleep	false	2026-09-07 05:00	2026-09-07 07:00
sleep	sleep	false	2026-09-07 07:00	2026-09-07 09:00
trash boxes	noise	false	2026-09-07 10:00	2026-09-07 11:00
rl notes	signal	false	2026-09-07 11:00	2026-09-07 13:00
rl deepmind vids	signal	false	2026-09-07 14:00	2026-09-07 15:30
rl deepmind vids	signal	false	2026-09-07 17:00	2026-09-07 19:00
sleep	sleep	false	2026-09-08 03:00	2026-09-08 06:00
sleep	sleep	false	2026-09-08 06:00	2026-09-08 07:00
sleep	sleep	false	2026-09-08 07:00	2026-09-08 09:30
rl exams pass	signal	false	2026-09-08 12:00	2026-09-08 13:00
rl deepmind vids	signal	false	2026-09-08 14:00	2026-09-08 18:30
rl exams pass	signal	false	2026-09-08 19:00	2026-09-08 20:00
rl exams pass	signal	false	2026-09-09 00:00	2026-09-09 02:00
rl cheat sheet	signal	false	2026-09-09 02:00	2026-09-09 04:00
sleep	sleep	false	2026-09-09 04:00	2026-09-09 07:00
rl exam	signal	false	2026-09-09 09:00	2026-09-09 10:30
send linda claude	noise	false	2026-09-09 10:30	2026-09-09 11:30
water timon	noise	false	2026-09-09 11:30	2026-09-09 12:30
pfand	noise	false	2026-09-09 12:30	2026-09-09 13:30
red lights 	noise	false	2026-09-09 13:30	2026-09-09 14:30
chiara paket	noise	false	2026-09-09 14:30	2026-09-09 15:30
nrc run	sport	false	2026-09-09 15:30	2026-09-09 16:30
apple event	noise	false	2026-09-09 19:00	2026-09-09 20:00
freilab	noise	false	2026-09-09 20:00	2026-09-09 21:00
red lights 	noise	false	2026-09-09 21:00	2026-09-09 22:00
facetime anne	noise	false	2026-09-09 22:00	2026-09-09 23:00
sleep	sleep	false	2026-09-10 00:30	2026-09-10 03:00
sleep	sleep	false	2026-09-10 03:00	2026-09-10 07:00
sleep	sleep	false	2026-09-10 07:00	2026-09-10 08:30
hiwi	hiwi	false	2026-09-10 10:30	2026-09-10 13:00
meeting	hiwi	false	2026-09-10 13:00	2026-09-10 14:00
wood mit veli merih	noise	false	2026-09-10 14:00	2026-09-10 16:00
nrc run	sport	false	2026-09-10 16:00	2026-09-10 17:00
red lights	noise	false	2026-09-10 22:00	2026-09-10 23:00
hiwi	hiwi	false	2026-09-10 23:00	2026-09-11 00:00
hiwi	hiwi	false	2026-09-11 00:00	2026-09-11 01:00
sleep	sleep	false	2026-09-11 01:00	2026-09-11 05:00
sleep	sleep	false	2026-09-11 05:00	2026-09-11 07:00
sleep	sleep	false	2026-09-11 07:00	2026-09-11 08:00
hiwi	hiwi	false	2026-09-11 09:00	2026-09-11 10:00
hiwi	hiwi	false	2026-09-11 10:30	2026-09-11 15:00
tfmp	hiwi	false	2026-09-11 15:00	2026-09-11 16:00
hiwi	hiwi	false	2026-09-11 16:30	2026-09-11 17:30
hiwi	hiwi	false	2026-09-11 20:00	2026-09-11 22:00
red lights	noise	false	2026-09-11 23:00	2026-09-12 00:00
sleep	sleep	false	2026-09-12 01:00	2026-09-12 04:00
sleep	sleep	false	2026-09-12 04:00	2026-09-12 06:30
hiwi	hiwi	false	2026-09-12 07:00	2026-09-12 10:30
bins 	noise	false	2026-09-12 10:30	2026-09-12 11:30
pfand	noise	false	2026-09-12 11:30	2026-09-12 12:30
bananenbrot	noise	false	2026-09-12 12:30	2026-09-12 14:00
seesplanschen mit timon	noise	false	2026-09-12 20:00	2026-09-12 21:00
sleep	sleep	false	2026-09-13 01:00	2026-09-13 07:00
water anouk	noise	false	2026-09-13 07:00	2026-09-13 08:00
help erkin	noise	false	2026-09-13 08:00	2026-09-13 09:00
bus	noise	false	2026-09-13 09:00	2026-09-13 10:00
ucak	noise	false	2026-09-13 11:45	2026-09-13 15:45
airprince	noise	false	2026-09-13 16:00	2026-09-13 17:00
801	noise	false	2026-09-13 17:00	2026-09-13 18:00
pizza dough	noise	false	2026-09-13 21:00	2026-09-13 23:00
sleep	sleep	false	2026-09-14 00:00	2026-09-14 03:00
sleep	sleep	false	2026-09-14 03:00	2026-09-14 06:00
sleep	sleep	false	2026-09-14 06:00	2026-09-14 07:30
sleep	sleep	false	2026-09-14 07:30	2026-09-14 09:00
pizza	noise	false	2026-09-14 16:00	2026-09-14 20:00
sleep	sleep	false	2026-09-15 00:00	2026-09-15 03:00
sleep	sleep	false	2026-09-15 03:00	2026-09-15 06:00
sleep	sleep	false	2026-09-15 06:00	2026-09-15 07:00
heimwerk	noise	false	2026-09-15 08:00	2026-09-15 11:00
200	noise	false	2026-09-15 13:00	2026-09-15 15:00
tanju doru alaz	noise	false	2026-09-15 17:00	2026-09-15 21:00
sleep	sleep	false	2026-09-16 00:00	2026-09-16 05:00
sleep	sleep	false	2026-09-16 05:00	2026-09-16 07:00
sleep	sleep	false	2026-09-16 07:00	2026-09-16 08:00
zerben	noise	false	2026-09-16 09:30	2026-09-16 11:30
wwwozturks19	noise	false	2026-09-16 13:00	2026-09-16 15:00
oner	noise	false	2026-09-16 16:30	2026-09-16 17:30
erkin fulya nisan	noise	false	2026-09-16 17:30	2026-09-16 18:30
akd	noise	false	2026-09-16 19:00	2026-09-16 21:00
ceylin	noise	false	2026-09-16 22:00	2026-09-16 23:00
tabpfn hackathon	signal	false	2026-09-16 23:00	2026-09-17 00:00
sleep	sleep	false	2026-09-17 02:00	2026-09-17 06:00
sleep	sleep	false	2026-09-17 06:00	2026-09-17 08:00
ramco	noise	false	2026-09-17 09:00	2026-09-17 11:00
modded pr 19	hiwi	false	2026-09-17 12:00	2026-09-17 13:00
grok bot	noise	false	2026-09-17 13:00	2026-09-17 14:00
imdat	noise	false	2026-09-17 16:30	2026-09-17 18:30
defne	noise	false	2026-09-17 19:00	2026-09-17 20:00
sleep	sleep	false	2026-09-18 03:00	2026-09-18 07:00
sleep	sleep	false	2026-09-18 07:00	2026-09-18 09:00
tfmp	hiwi	false	2026-09-18 15:00	2026-09-18 16:00
hiwi	hiwi	false	2026-09-18 16:00	2026-09-18 18:00
bananenbrot - mama	noise	false	2026-09-18 21:00	2026-09-18 22:00
hiwi	hiwi	false	2026-09-18 22:00	2026-09-18 23:00
sleep	sleep	false	2026-09-19 00:00	2026-09-19 04:00
sleep	sleep	false	2026-09-19 04:00	2026-09-19 08:00
sleep	sleep	false	2026-09-19 08:00	2026-09-19 09:00
heimwerk	noise	false	2026-09-19 10:00	2026-09-19 13:00
heimwerk	noise	false	2026-09-19 14:00	2026-09-19 22:00
sleep	sleep	false	2026-09-20 01:00	2026-09-20 06:00
sleep	sleep	false	2026-09-20 06:00	2026-09-20 09:00
tos - yemek	noise	false	2026-09-20 17:00	2026-09-20 23:00
sleep	sleep	false	2026-09-21 00:30	2026-09-21 02:00
sleep	sleep	false	2026-09-21 02:00	2026-09-21 04:00
duty free	noise	false	2026-09-21 06:00	2026-09-21 07:00
ucak	noise	false	2026-09-21 08:30	2026-09-21 11:30
bus	noise	false	2026-09-21 12:00	2026-09-21 13:00
water anouk	noise	false	2026-09-21 13:00	2026-09-21 14:00
sleep	sleep	false	2026-09-21 22:30	2026-09-22 03:00
sleep	sleep	false	2026-09-22 03:00	2026-09-22 07:00
sleep	sleep	false	2026-09-22 07:00	2026-09-22 08:30
hotbike kaufberatung	noise	false	2026-09-22 10:00	2026-09-22 11:00
